nro_conabip,nombre_BP,fecha_fundacion,id_depto,email
3952,Bib.Pop. Manuel Belgrano del Barrio de Villa París,1998-05-16,6028,bib_manuelbelgrano_glew@yahoo.com.ar
3063,Bib.Pop. Dr. Estanislao S. Zeballos,2001-09-15,6035,spebpop@gmail.com
1663,Bib.Pop. Bartolomé Mitre,1922-04-10,6056,bibliotecabmitre@yahoo.com.ar
3587,Bib.Pop. Eduardo Mallea,1980-01-01,6056,bibliotecamallea@yahoo.com.ar
3795,Bib.Pop. Don Germán García,1996-11-20,6056,bpggbb@yahoo.com.ar
3929,Bib.Pop. Rosario Sur,2000-09-16,6056,biblioteca_rosariosur@yahoo.com.ar
1465,Bib.Pop. Mariano Moreno,1925-08-24,6056,bibliomarianomorenoiw@gmail.com
1469,Bib.Pop.Mun. Fray Luis de Bolaños,,6070,
3033,Bib.Pop. José Ingenieros,1984-05-12,6091,bibliotecadeplatanos@yahoo.com.ar
2490,Bib.Pop. Almafuerte,1943-06-06,6098,
1478,Bib.Pop. D.F.Sarmiento,1926-05-26,6105,cultural_07@yahoo.com.ar
4024,Bib.Pop. Jeppener,2002-03-22,6119,
1312,Bib.Pop. Coronel Dorrego,1928-05-24,6189,
2151,Bib.Pop.Pub. Bartolomé Mitre,1924-11-18,6245,
861,Bib.Pop. Juan Bautista Alberdi,1929-07-09,6252,alberdibiblio@yahoo.com.ar
3916,Cen. Cult.  y Bib.Pop. Poetisa Alfonsina Storni,2000-07-02,6274,
4122,Bib.Pop. y Cen.Cul. Centenario,1996-09-21,6357,
3194,Bib.Pop.Pub.Mun. D.F.Sarmiento,1935-08-25,6392,biblio@servicoopsa.com.ar
2998,Bib.Pub. Mariano Moreno,1956-10-25,6399,
4002,Soc.y Bib.Pop. La tradición,2000-04-16,6410,bibliotecalatradicion@yahoo.com.ar
1054,Bib.Pop. Paz y trabajo,1923-04-12,6413,
1874,Bib.Pop. Manuel Belgrano,1929-02-19,6413,armando_de_miguel@hotmail.com
3696,Bib.Pop. Las Toninas,1985-09-01,6420,biblo093@yahoo.com.ar
2880,Bib.Pop. Alfonsina Storni,1963-11-03,6427,
3241,Bib.Pop. Ceferino Namuncura,1980-01-01,6427,
3762,Bib. Pop. Villa Sahores,1999-03-30,6427,biblioteca303@yahoo.com.ar
3730,Bib. Pop. Madre Teresa,1998-02-17,6427,
4041,Bib. Pop. Virrey del Pino,1999-12-06,6427,biblioteca308@yahoo.com.ar
4288,Bib.Pop. Del otro lado del árbol,2011-02-01,6441,delotroladodelarbol@hotmail.com
4066,Bib. Pop. Tupac Amaru infantil y juvenil,1999-10-12,6441,bibliotecatupacamaru@yahoo.com.ar
249,Bib.Pop. Alejo Iglesias,1920-06-08,6441,
4117,Cen. y Bib.Pop. Osvaldo Pugliese,1999-04-30,6434,
2713,Bib. Pp. Soc. Bomberos Voluntarios de Lanús,1945-10-12,6434,
87,Bib.Pop. D.F.Sarmiento,1916-08-20,6462,bibliotecapopular@live.com.ar
3153,Bib.Pop. Mariano Moreno,1988-06-20,6462,nuevabibliomatienzo@hotmail.com
3946,Asoc.Bib.Pop.Mun. Jullian de Castiglioni,1980-01-01,6469,
175,Bib.Pop. D.F.Sarmiento,1912-03-16,6483,ccplbsarmiento@yahoo.com.ar
4121,Bib.Pop. de la ciudad,2003-01-25,6490,bibliotecapopulardelaciudad@gmail.com
3754,Bib.Pop. San José,1980-01-01,6490,bibliotecasanjose2000@yahoo.com.ar
3656,Bib.Pop. Ernesto Sábato,1996-05-25,6497,
2662,Bib.Pop.Mun. Manuel Belgrano,1950-09-20,6547,bp_manuelbelgrano@hotmail.com
1710,Bib.Pop. D.F.Sarmiento,1932-09-11,6581,
2646,Bib.Pop. Nuestra Señora de Luján,1952-06-29,6609,bibliotecamadero@live.com.ar
1633,Bib.Pop. D.F.Sarmiento,1931-12-03,6609,
3966,Bib.Pop. P.U.M.A.,2002-03-29,6638,bibliopuma@yahoo.com.ar
2887,Bib.Pop. Manuel Belgrano,1970-06-20,6644,biblioteca@telpin.com.ar
3968,Casa de la Cult. y Bib.Pop. José Hernández,1990-04-09,6651,casadelacultura2002@yahoo.com.ar
2209,Bib.Pop. Mariano Moreno,1941-07-19,6655,
3752,Bib.Pop. de Ezpeleta Alfonsina Storni,1998-08-17,6658,bastorni@yahoo.com.ar
3829,Bib.Pop. Juan Bautista Alberdi de Rojas,1932-02-28,6686,
2341,Bib. Pop. Esteban Echeverría,1946-06-29,6693,giseafrica@yahoo.com.ar
3628,Bib. Pop. Roberto Clemente,1980-01-01,6371,
4071,Bib.Pop. y Cen.Cul Villa Humberto,1980-01-01,6371,
4367,Bib.Pop. La Vieja Escuela,2011-09-24,6791,biblioviejaescuela@gmail.com
1194,Bib.Pop. Juan Antonio Salceda,1919-06-06,6791,
3302,Bib.Pop.Mun.Asoc.A. Sala abierta de lectura Inf-Juv,1988-05-15,6791,
3802,Bib.Pop. Paula Albarracín de Sarmiento,1998-07-18,6791,bpalbarracin@yahoo.com.ar
4132,Bib. Pop. de las Mujeres,1980-01-01,6791,
3050,Bib.Pop. Ricardo Güiraldes,1985-06-05,6805,biblios@netben.com.ar
3689,Bib.Pop. José Ingenieros,1993-09-25,6805,bpjingenieros@hotmail.com
4319,Bib.Pop. y Museo del Cine Leonardo Favio,2008-07-05,6805,
3768,Bib.Pop. Lopez Camelo,1999-03-03,6805,
3475,Bib.Pop. Ricardo Rojas,1996-10-10,6805,
4216,Bib.Pop. Troncos del Talar,2003-08-02,6805,bibliotroncos@yahoo.com.ar
966,Bib.Pop. Ernesto Tornquist,1917-04-01,6819,bibliotecatornquist@yahoo.com.ar
3616,Bib.Pop. Almafuerte,1963-03-13,6833,
4129,Bib.Pop. Arandú,1980-01-01,6861,bibliotecapopulararandu@hotmail.com
2928,Bib.Pop. Leon Adolfo Vienni,1975-04-29,6861,
4195,Asoc.de Fomento Atlantica y Biblioteca Popular,1980-01-01,6868,
3579,Bib.Pop. San Roque,1980-01-01,10063,
3553,Bib.Pub.Pop. General Julio de Vedia,1980-01-01,22014,
3672,Bib.Esc.Pop. E.E.G.B.Nº 32 L.Roque Gondra,1980-01-01,22028,
3003,Bib. Pop. Pub. Ana B. de Pibernus,1980-01-01,22021,bibliotecapibernus@hotmail.com
2907,Bib.Pop.Esc. Gral. Martín Güemes,1980-01-01,22063,bcapopularcastellichaco@yahoo.com.ar
3582,Bib.Pub.Pop. Mayor L. J. Fontana,1960-08-27,22133,bibliotecafontana@gmail.com
4313,Bib.Pop.Asoc.Amigos Escuela Nº 43,1981-08-10,22140,bibliotecamalvinas@hotmail.com
3345,Bib. Pop. Esc. Lidia Guasti de Rodriguez,1975-05-09,22140,biblioguasti@yahoo.com.ar
3437,Bib.Pop.Esc. El principito,1980-01-01,22140,biblioprin@yahoo.com.ar
3543,Bib.Pop.Esc. Gob. Manuel Obligado,1961-02-09,22140,bibliobligado@hotmail.com
4259,Bib.Pop. General Manuel Belgrano,2008-01-15,26007,bibliotecachubutparatodos@hotmail.com
3257,Bib.Pop. Angélica R. Nievas,1980-01-01,26014,
3899,Bib.Pop. Elum Duham,1996-02-17,26021,ledmuriel@yahoo.com
2414,Bib.Pop. D.F.Sarmiento,1943-03-12,26042,
3667,Bib.Pop. Don Segundo Milla,1980-01-01,26105,
1344,Bib.Pop. Dr. Tristán J. González,1928-03-30,2000,trjgonzalez@outlook.com
3884,Bib. Pop. Por caminos de libros y solidaridad,1999-10-22,2000,
4318,Bib.Pop. Juan José Castelli,2010-03-26,2000,
1943,Bib.Pop. Bernardino Rivadavia,1924-04-21,2000,bibliotecabrivadavia@yahoo.com.ar
2014,Bib.Pop. Gral. Benito Nazar,1936-05-01,2000,bibliotecanazar@yahoo.com.ar
2558,Bib.Pop. Gral. Alvear,1950-10-25,2000,asociacionalvear@yahoo.com.ar
3270,Bib.Pop. Casa de la Cultura de Liniers,1994-03-05,2000,
4034,Bib.Pop. Hijos del Barrio Piedrabuena Asociación Civil,2001-09-21,2000,bibliotecapopularpiedrabuena@gmail.com
19,Bib.Pop. 12 de Octubre,1910-10-12,2000,popular12deoctubre@hotmail.com
62,Bib.Pop. D.F.Sarmiento,1980-01-01,2000,
4347,Bib.Pop. de Embalse Teresa Sul,2013-10-30,14007,
4383,Bib.Pop. Sayana Ctro Cult. El Talar,2009-04-01,14021,sayanacentroculturaleltalar@hotmail.com
2924,Bib.Pop. D.F.Sarmiento,1942-12-05,14021,
543,Bib.Pop. D.F.Sarmiento,1916-05-05,14042,
1872,Bib.Pop. José Ingenieros,1933-02-06,14049,bjingenieros@intinet.com.ar
2321,Bib.Pop.Pub.Mun. Ermes Desio,1918-01-01,14063,bibliotecacdb@yahoo.com
2197,Ctro. Social Cultural y Bib.Pop.,1939-09-26,14063,
3592,Bib.  Pop. Lidia Cesanelli,1980-01-01,14063,bibliotecapopularlidiacesanelli@yahoo.com.ar
3958,Bib. Pop. Juan Filloy,2001-09-09,14084,
4283,Bib.Pop. Aguas que corren,2010-05-14,14091,
2751,Bib.Pop. Técnica - ENET Nº 1 Ambrosio Olmos,1955-09-07,14098,
2851,Bib.Pop. Evaristo Segat,1932-05-01,14098,
2794,Bib.Pop.Soc.Cult. Bartolomé Mitre,1961-06-17,14119,
4118,Bib.Pop. Doña María de la Plaza de Arias Moreno,2000-09-12,14133,
3997,Bib. Pop. Mariano Moreno,1980-01-01,14140,bpmarianomoreno@yahoo.com.ar
1541,Bib.Pop. Nicolás Avellaneda,1931-03-11,14147,bibliotecapopular4@gmail.com
873,Bib.Pop. Justo José de Urquíza,1919-09-14,14161,
528,Bib.Pop. Dr. Ramón J. Carcano,1907-04-21,14182,bprjcarcano@yahoo.com.ar
1419,Club y Bib.Pop. Recreativo,1929-08-04,14182,
3258,Bib.Pop.Esc. Fray J. de la Quintana,1980-01-01,18021,
3078,Bib.Pop. Cuatia Renda,1986-06-14,18035,cuatiarenda_@hotmail.com
501,Bib.Pop. D.F.Sarmiento,1911-11-11,18070,bpsarmientogoya@gmail.com
4264,Bib. Pop.  Barrios del Sur,2007-06-30,18070,
2918,Bib.Pop.Esc. Presbítero E. Tutak,1969-03-26,18105,
3909,Bib.Pop. Sin fronteras,2000-08-31,18112,
511,Bib.Pop. D.F.Sarmiento,1904-10-19,18119,bsarmiento@arnet.com.ar
512,Bib.Pop. Bernardino Rivadavia,1980-01-01,18168,biblioteca512@hotmail.com
1251,Bib.Pop. Fábrica Colón,1905-07-26,30008,fabricacolon@hotmail.com
319,Bib.Pop. Olegario V. Andrade,,30015,man.1872@concordia.com.ar
3589,Bib.Pop. Carlos Reyes Miggoni,1996-11-11,30015,biblioteca3589@hotmail.com
334,Bib.Pop. Luis Lorenzo Etchevehere,1980-01-01,30021,biblioteca_ramirez@yahoo.com.ar
303,Bib.Pop. El porvenir,,30098,bibliotecapopularelporvenir@yahoo.com.ar
328,Bib.Pop. D.F.Sarmiento,1924-10-12,30113,
3955,Bib. Pop. Dra. María Cristina Balbuena,1999-08-14,34049,jjbogarin@hotmail.com
3207,Asoc.Bib.Pop. Félix Atilio Cabrera,1980-01-01,34049,
3713,Bib.Pop. del barrio cerro las Rosas (N,1997-09-20,38021,
3307,Bib.Pop. de Ciudad Perico,1980-01-01,38014,
913,Bib.Pop. Bartolomé Mitre,1922-02-10,38035,
4172,Bib.Pop. San Marcelino,1980-01-01,38035,
3237,Bib.Pop. de Palpalá,1980-01-01,38042,
3263,Bib.Pop.Mun. Antonio Paleari,1980-01-01,38042,
1990,Asoc. Bip. Esc.  Pop.,1914-11-23,42007,bibliorolon@gmail.com
3214,Bib.Pop. Chapaleufu,1993-03-08,42056,bibliochapaleufu@hotmail.com
3563,Bib.Pop. María Elena Walsh,1995-11-01,42070,
3546,Bib. Pop. Carro quemado,1996-07-01,42098,bibliocq@hotmail.com
3308,Bib.Pop. Mun. Juan Río de Quehue,1990-12-15,42154,
3529,Bib. Pop. María Esther Brizuela de Bazán,1980-01-01,46021,
1775,Bib.Pop. Pedro I. de Castro Barros,1927-11-27,46021,
2672,Bib.Pop. Domingo Faustino Sarmiento,1955-11-28,46042,
665,Bib.Pop. Presbítero P. C. Arce,1914-05-10,50021,ifsapaag@hotmail.com
2131,Bib.Pop. D.F.Sarmiento,1935-04-28,50014,bp2131sarmiento@yahoo.com.ar
4085,Bib.Pop. El bermejo,2001-07-07,50028,
3947,Bib.Pop. Santa Rosa,1980-01-01,50035,
4138,Bib.Pop. Armando Tejada Gómez,1980-01-01,50063,
4246,Bib.Pop. Maestro Pedro Azín de San Carlos,2005-06-15,50091,biblioteca_pedro_azin@hotmail.com
3981,Bib.Pop. Manuela Lara,1998-07-20,50105,labibliotecadelallave_ml@yahoo.com.ar
3360,Bib.Pop. Tulio Pusterla,1980-01-01,50112,
3299,Bib.Pop. Victoriano E. Cardozo,1994-06-01,54119,bibcardozo@yahoo.com.ar
802,Bib.Pop. Sarmiento,1979-10-18,54021,
4258,Bib.Pop. Sur Argentino,2001-10-13,54028,bpsurargentino@yahoo.com
3304,Bib.Pop. Horacio Quiroga,1980-01-01,54084,bibliotecahquir@yahoo.com.ar
3175,Bib.Pop. Calquin Mapu,1980-01-01,58028,
3100,Bib.Pop. Ruca Limay,1989-04-29,58035,bibliolimay@yahoo.com.ar
3143,Bib.Pop.Mun. Asoc.A. Bca.J. Benigar,1980-01-01,58035,bibliojuanbenigar@hotmail.com
3919,Bib.Pop. Carmen Mellado,1993-08-16,58035,bibliocarmen.mellado@gmail.com
3764,Bib.Pop. Ruca Trabun,1980-01-01,58056,
3581,Bib.Pop. La corona,1985-11-22,58077,
4305,Bib.Pop. José Fernández,2005-03-10,58091,bibpopjfernandez@hotmail.com
832,Bib.Pop. Nicolás Avellaneda,1918-10-01,62014,bibliotecachoelechoel@yahoo.com.ar
3068,Bib.Pop. Dr. Victor Molina,1985-12-03,62014,bibliotecalamarque@hotmail.com
1701,Bib.Pop. D.F.Sarmiento,1932-12-11,62021,bibliotecasarmiento@elbolson.com
3967,Bib.Pop. Las Tunas,1980-01-01,62035,
1695,Bib.Pop. Bernardino Rivadavia,1932-09-29,62042,
3195,Bib.Pop. Presbítero R. Entraigas,1984-05-25,62042,bibliotecaraulentraigas@hotmail.com
3600,Bib.Pop. Amancay,1980-01-01,62042,amancaybibliotecapopular@yahoo.com.ar
4148,Asoc.Bib.Pop. Ñorquinco,1980-01-01,62056,bibliotecanorquinco@gmail.com
2926,Bib.Pop. Munic. Cincuentenario,1955-07-10,62077,bibliotecacincuentenario@yahoo.com.ar
4385,Bib. Pop. Gral. Lamadrid,2022-04-01,66084,barriolamadrid326@gmail.com
3126,Bib.Pop. Campo Caseros,1947-09-27,66028,
4168,Bib.Pop. Cabo 1º Roberto F. Vidaurre,1980-01-01,66028,
4342,Bib.Pop. Rosa Parks,2012-02-04,66028,biblioteca.rosaparks@hotmail.com
3286,Bib.Pop. Gral. M. M. de Güemes,1980-01-01,66112,bibliotecapopularelgalpon@yahoo.com.ar
3065,Bib.Pop. Emilio García y Negrete,1985-12-28,70007,
4364,BIb.Pop. Pio Cristino Gallardo,2012-07-28,70021,
713,Bib.Pop. Colón,1918-04-03,70035,
4372,Bib. Pop. Paula Albarracín de Sarmiento,2018-01-10,70042,
4064,Bib.Pop. Roberto J. Payro,1991-09-23,70077,
3133,Bib.Pop. Dr. Antonio Aguilar,1990-09-23,70028,bibliosanjuan@hotmail.com
4284,Bib.Pop. Ivonne Barud de Quattropani,2007-11-05,70084,
4084,Bib.Pop. Plus Ultra,1980-01-01,70098,
3109,Bib.Pop. 1 de Febrero,1987-06-15,70028,biblioteca1defebrero@hotmail.com
3933,Bib.Pop. Pedro Rufino Díaz,1980-01-01,74028,
3273,Bib.Pop.Mun. Caminitos,1996-04-15,74028,bibliotecapopularcaminito@hotmail.com
3411,Bib.Pop.Mun. D.F.Sarmiento,1980-01-01,74042,
595,Bib.Pop. D.F.Sarmiento,1914-01-14,74035,
3487,Bib.Pop.Esc. Amalia Vercelli,1980-01-01,74035,
4215,Bib. Pop. Teniente Manuel Félix Origone,2007-11-15,74035,graciela.elisa.alcaraz@gmail.com
3350,Bib.Pop.José Manuel Estrada,1994-05-21,74049,
3358,Bib.Pop. Dr. A. Rodríguez Saa,1980-01-01,74056,
1426,Bib.Pop.Mun. Florentino Ameghino,1927-03-08,78014,
3407,Bib.Pop. Eva Perón,1994-08-31,78021,
2760,Bib.Pop. El Ateneo,1953-07-09,82014,bibelateneo@gmail.com
3238,Bib.Pop. Estación Clucellas,1993-01-29,82021,
4291,Bib.Pop. Moseñor Antonio Brasca,2010-12-01,82021,bibliombrasca@hotmail.com
1399,Bib.Pop. Esteban Echeverría,1929-12-26,82028,
479,Bib.Pop. Estudio y labor S. Pastorino,1917-07-04,82028,bibliotecapeylsp@yahoo.com.ar
468,Bib.Pop. María Perrisol,,82028,mariaperrissol@gmail.com
3957,Asoc.Bib.Pop. Domingo G. Silva,2000-07-31,82035,bpdomingogsilva@yahoo.com.ar
419,Bib.Pop. Nosotros,1919-05-25,82028,
3029,Bib.Pop. Mariano Moreno,1975-12-01,82042,bibliohug@gmail.com
2942,Bib.Pop. Leopoldo Lugones,1976-06-20,82042,bibliotecalugones@bombal.net.ar
2037,"Bib.Pop.Juan B.Alberdi, C.Rec.y Cult.Unión",1934-05-20,82042,crycuniondelnorte@gmail.com
3812,Bib. Pop. Ernesto Sábato,1980-01-01,82049,graciela_2102@hotmail.com
414,Bib.Pop. Bernardino Rivadavia,1920-04-22,82056,biblioteca.br@gmail.com
3817,Bib.Pop. José Pedroni,1980-01-01,82056,
945,Bib.Pop. Beck Herzog,1922-05-25,82070,bibliohumboldt@arnet.com.ar
2207,Bib.Pop. Juan Bautista Alberdi,1943-11-13,82070,biblioteca.jbalberdi@hotmail.com
461,Bib.Pop. Centro Rivadavia,1911-08-06,82070,
3978,Bib. Pop. Mariano Moreno,2000-10-30,82070,bibliotecammsjn@hotmail.com
4147,Bib. Mun. y Pop. Ferdinando Ricci,1980-01-01,82084,
1259,Bib.Pop. Proa,1927-08-04,82084,
1947,Bib.Pop. Amor a la verdad,1926-01-26,82084,
2237,Bib.Pop. Solidaridad social,1942-11-07,82084,
3006,Bib.Pop. Mariano Moreno,1979-09-02,82084,bpmorenorosario@hotmail.com.ar
3199,Bib.Pop. Alfonsina Storni,1990-05-15,82084,bibalfonsina@gmail.com
3907,"Centro Educación, Comunicación y Bib. Pop.Cachilo",2000-08-20,82084,bibliocachilo@gmail.com
4257,Bib. Pop. para el Desarrollo Social,2006-08-30,82084,
413,Bib.Pop.D.F.Sarmiento,1910-12-10,82091,gorositodaniela@hotmail.com
422,Bib.Pop. Dr. Allende Lezama,1907-05-01,82133,
3699,Bib.Pop. Padre Alberto Ciupke,1980-01-01,86021,
619,Bib.Pop. Bernardino Rivadavia,1910-05-25,86035,
2311,Bib.Pop. Absalon Rojas,1945-08-03,86035,
3123,Bib.Pop. Carlos Pellegrini,1966-05-26,86035,bpcarlospellegrini@live.com.ar
4089,Bib.Pop. Fortunato Júarez Barrios Miski Mayu y Parque Indus,1980-01-01,86035,mishquila8@hotmail.com
1007,Bib.Pop. Gob. Eduardo Miguel,1980-01-01,86049,
1662,Bib.Pop. Pedro Firmo Unzaga,1930-04-20,86049,bibliounzaga@yahoo.es
2084,"Asoc, Cult. y Vecinal y Bib.Pop Ricardo Rojas",1938-11-16,86049,bibliotecarrojas@gmail.com
3124,Bib.Pop. Francisco de Aguirre,1980-01-01,86049,
3496,Bib. Pop. Club de maestros,1980-01-01,86049,bpclubdemaestros@hotmail.com
4059,Bib.Pop. Dr. Raúl Dargoltz,2000-08-16,86049,
3562,Bib.Pop. Julio Bustamante,1980-01-01,86126,
1179,Bib.Pop. de Añatuya,1922-07-01,86077,bibsarmientoanatuya@hotmail.com
4025,Bib. Pop. Alfonsina Storni,2001-11-29,86077,
3951,Asoc.Civ. Nuestra Biblioteca Popular,2001-02-15,94007,nuestra_biblioteca@hotmail.com
3989,Bib.Pop. 24 de Septiembre,1980-01-01,90014,
908,Bib.Pop. Marco M. Avellaneda,1920-05-16,90014,
652,Bib.Pop. Belgrano,1912-06-02,90042,
661,Bib.Pop. Ernesto E. Padilla,1926-09-12,90056,
642,Bib.Pop. Bartolomé Mitre,1906-07-19,90070,sociedadybibliotecamitre@yahoo.com.ar
3116,Bib.Pop. Isauro y A. Arancibia,1987-12-13,90070,biblioarancibia@hotmail.com
4001,Bib. Pop. La Margarita blanca,1999-08-28,6028,
2068,Bib.Pop. Asoc.Cult. de Chillar,1939-01-06,6049,bibliochillar@yahoo.com.ar
4137,Bib.Pop. Simón Rodriguez,1980-01-01,6056,simonrodriguezbiblioteca@gmail.com
2159,Bib.Pop. José Manuel Estrada,1919-10-05,6070,
2082,Bib. Pop. Mariano Moreno,1944-06-11,6098,
2318,Bib.Pop. Belisario Roldán,1947-06-20,6098,
1857,Bib.Pop. Bernardino Rivadavia,1926-05-01,6112,
3045,Bib.Pop.Esc. Dr. Enrique Smith,1984-12-01,6147,
268,Bib.Pop. Roque Saénz Peña,1916-10-28,6154,bibliotejedor@yahoo.com.ar
2264,Bib.Pop. Juan José Castelli,1940-04-24,6168,biblicast@yahoo.com.ar
1347,Bib.Pop. Florentino Ameghino,1928-12-05,6189,biblioameghino@altisa.com.ar
3591,Bib.  Infantil de Coronel Suarez,1991-01-31,6203,glabuscfliawach@gmail.com
3364,Bib.Pop. Dr. Ricardo Gutierrez,1980-01-01,6182,nancy_flo@hotmail.com
118,Bib.Pop. Gral. San Martín,1945-10-27,6238,
123,Bib.Pop. Del Centro Cult. Sarmiento,1920-07-04,6274,bibliotecasarmiento_varela@yahoo.com.ar
3926,Bib.Pop. Hugo del Carril,1980-01-01,6274,bibliotecahugodelcarril@gmail.com
3767,Bib.Mun.Pop. Eloisa M. Rissoli,1997-05-25,6280,
3518,Bib.Pop.Mun. General José de San Martín,1976-12-19,6280,biblioteca_miramar@yahoo.com.ar
1707,Bib.Pop. Bernardino Rivadavia,1932-10-12,6294,
3476,Bib.Pop.y C.Cult. Mar del Plata,1994-11-21,6357,
3724,Bib.Esc.Pop. José Manuel Estrada,1961-10-21,6392,bibliob@yahoo.com.ar
3715,Bib. Pop. José Hernández,1980-01-01,6399,bibliojh97@yahoo.com.ar
4177,Bib.Pop. Dra. Alicia Teresa Morales,1980-01-01,6399,bpaliciatmorales_garre@yahoo.com.ar
4368,Bib. Pop.Dr. José María Sobral,2005-07-23,6420,bibliotecasobral@yahoo.com.ar
3128,Bib.Pub. Alfonsina Storni,1980-01-01,6420,ctc0057@hotmail.com
4182,Bib.Pop. Rotaria,1980-01-01,6427,bibliotecapopularrotaria@yahoo.com.ar
4010,Bib.Pop. Amigos de La Tablada,1998-11-10,6427,amigosdelatablada@yahoo.com.ar
4228,Bib.Pop. Almafuerte de Rafael Castillo,1980-01-01,6427,biblioteca_alma@hotmail.com
1483,Bib.Pop. Bernardino Rivadavia,1915-10-01,6441,
3823,Bib.Pop. Tito Brandsma,1980-01-01,6490,
168,Bib. Pop.  Ameghino,1914-11-27,6497,salonesbibliotecaameghino@gmail.com
3351,Bib.Pop.Mun. Juan José Elizondo,1966-07-09,6511,
3243,Bib.Pop. Malvinas argentinas,1986-04-02,6028,
3949,Bib.Pop. Génesis,1980-01-01,6539,
3944,Bib.Pop.Casa.Cult. Barrio Parque San Carlos,2000-09-17,6560,
4134,Bib. Pop. San José Obrero,1980-01-01,6560,bibliotecasanjoseobrero@gmail.com
3012,Bib.Pop. José Hernández,1964-03-22,6568,
197,Bib.Pop. Andrés Ferreyra,1980-01-01,6581,
3652,Bib. Pop. Héctor N. Amoroso,1996-02-01,6595,biblioteca_amoroso@yahoo.com.ar
3811,Bib.Pop. Independencia,1998-11-25,6595,biblioindependencia@hotmail.com
4176,Bib.Pop. Coty Laborde,1980-01-01,6595,
3984,Bib.Pop. Fundaterra,1980-01-01,6091,bibliotecafundaterra@yahoo.com.ar
3157,Bib.Pop. Fortunato Zampa,1995-10-25,6665,bibliozampa@hotmail.com
210,Bib.Pop. D.F.Sarmiento,1914-01-03,6700,bib.sarmiento.pigue@gmail.com
3659,Bib.Pop. Delta del Paraná (Bibliolancha,1997-11-14,6749,
231,Bib.Pop. Juan N. Madero,,6749,noticiasmadero@gmail.com
3690,Bib.Pop. de la Ribera,1980-01-01,6756,
3960,Bib.Pop. Martín Fierro,1980-01-01,6371,
997,Bib.Pop. D.F.Sarmiento,1923-04-08,6778,bpsarkorn@yahoo.com.ar
1627,Bib.Pop. José Ingenieros,1932-06-01,6791,
3173,Bib.Pop.Mun. José Hernández,1980-01-01,6798,biblio@tapalque.mun.gba.gov.ar
957,Bib.Pop. D.F.Sarmiento,1916-09-16,6805,
3837,Bib.Pop. Dr. Bernardo A. Houssay,1971-08-08,6833,bibliohoussay@yahoo.com.ar
3267,Bib.Pop. San Francisco de Bellocq,1993-09-30,6833,bibsanfrabe@yahoo.com.ar
2711,Bib.Pop. José Ingenieros,1925-02-11,6840,biblioteca_jose_ingenieros@yahoo.com.ar
2954,Bib.Pop. Rafael Obligado,1975-12-28,6868,
3648,Bib.Pop. Argerich,1997-03-15,6875,
1377,Bib.Pop. Florentino Ameghino,1928-09-23,10091,
3673,Bib.Esc.Pop. El zapallar,1980-01-01,22084,bibliotecabp136@hotmail.com.ar
3674,Bib. Pub. Pop. Humberto Benito Andolfi,1980-01-01,22133,andolfibiblioteca@hotmail.com
3148,Bib.Pop. Hipólito Yrigoyen,1986-01-21,22140,nuestrabiblio@hotmail.com
3453,Bib.Pop.Pub. Evita,1987-12-07,22140,popularevita2012@yahoo.com.ar
3000,Bib.Pub.Pop. Ricardo Güiraldes,1975-11-12,22154,bibricardoguiraldes@yahoo.com.ar 
4326,Bib.Pop. Gral. Don José Francisco de San Martín,1994-06-23,26007,
3773,Bib. Pop. Perito Francisco Pascacio Moreno,1951-03-05,26035,
3378,Bib.Pop. del Barrio Luis Vernet,1980-01-01,26077,karinaovelar@hotmail.com
3414,Bib.Pop. Gob. R. González,1980-01-01,26084,
2551,Bib.Pop. Mariano Moreno,1911-07-16,26091,biblioteca2551@yahoo.com.ar
1351,Bib.Pop. El resplandor,1928-12-20,2000,susanapariani@hotmail.com
2992,Bib. Argentina para ciegos,1924-09-18,2000,
32,Bib.Pop. Alberdi,1910-07-08,2000,bibliotecapopularalberdi@yahoo.com.ar
77,Bib.Pop. Cornelio Saavedra,1918-03-14,2000,
2257,Bib.Pop. Luis J. de Tejeda,1944-12-17,14014,bibliotecatejeda@hotmail.com
3218,Bib.Pop. de B.Vista y Fund. P. Milesi,1988-11-28,14014,
4322,Bib.Pop. del Bicentenario,2010-09-06,14014,bpbinaudi@gmail.com
3665,Bib.Pub.Mun.Pop. Libro abierto,1980-01-01,14021,
3031,Bib.Pop. Dr. Raúl Scalabrini Ortíz,1984-03-30,14042,
1403,Bib.Pop. Mariano Moreno,1929-11-03,14049,bibliotecamm2013@gmail.com
3595,Biblioteca Popular Walter Viglione,1997-11-23,14056,bibliopopcarnerillo@yahoo.com.ar
3593,Bib.Pop. Isla Verde,1980-01-01,14063,bipop3593@hotmail.com
3867,Bib. Pop. Babel,1999-01-27,14091,
3015,Bib.Pop. de los sagrados corazones,1970-06-06,14098,bibliotecasscc@hotmail.com
584,Bib.Pop. Mariano Moreno,1918-03-31,14098,
3333,Bib.Pop.Esc. Victor Mercante,1980-01-01,14119,
4294,Bib. Pop. de Luyaba,2010-11-02,14133,bibliotecapopulardeluyaba@yahoo.com.ar
4145,Bib.Pop.y Pub. José Hernández,1980-01-01,14140,biblioalicia16@yahoo.com.ar
1824,Bib.Pop. José Ingenieros,1934-04-28,14140,bibliotecapopularjifreyre@gmail.com
581,Bib.Pop. D.F.Sarmiento,1918-07-09,14140,bisarlasvarillas@gmail.com
1176,Bib.Pop. Cultura y progreso,1923-11-11,14140,
2265,Bib.Pop. José María Paz,1945-03-05,14140,
586,Bib. Pop Bartolome Mitre,1917-07-14,14182,bibliommm@yahoo.com.ar
502,Bib.Pop. Dr. Juan Manuel Rivera,1914-01-01,18063,bibliotecapopularrivera@hotmail.com
2595,Bib.Pop. Gral. San Martín,1940-03-30,18105,bp2595@gmail.com
4224,Bib.Pop. Villa Fedullo,1980-01-01,18112,
4239,Bib.Pop. Arroyo Baru,1997-11-27,30008,bibliotecaarroyobaru@hotmail.com
338,Bib.Pop. Rivadavia,,30028,bibliotecapop.67@gmail.com
4355,Bib. Pop. del Saber,2007-11-09,30028,bipo_sabe@outlook.com
2596,Bib. Pop.  José Zubiaur,1925-06-09,30028,
382,Bib.Pop. D.F.Sarmiento,1912-09-01,30035,bibliofederal@hotmail.com
2862,Bib.Pop. Rodolfo A. García,1960-06-07,30056,
370,Bib.Pop.Esc. Urquiza,1919-07-05,30070,
1615,Bib.Pop. Orientación,1932-02-21,30084,bporientacion@arnet.com.ar
401,Bib.Pop. Mario Domingo Carruego,1920-06-20,30091,bibliotecacarruego@gmail.com 
4388,Bib. Pop. Estación Cultural,2021-08-23,30098,bibliotecapestacion@hotmail.com
3435,Bib.Pop. 12 de Octubre,1995-09-19,34014,
3780,Bib.Pop. Eloy Caniza,1980-01-01,34049,
3818,Asoc.Amig.Bib.Pop. Don Cosme D. Ruiz Diaz,1998-09-06,34049,
2974,Bib.Pop.Pub.Mun. Don José F.de San Martín,1978-04-11,34056,biblisanmartin@hotmail.com
3976,Bib. Pop. Crear y Ser,2000-10-01,38007,
3657,Bib. Pop. Leer te ayuda a crecer,1997-05-31,38021,bibliotecaepam3@yahoo.com.ar
763,Bib.Pop. Domingo T. Pérez,1905-04-09,38014,bibliotecadomingotperez@gmail.com
3985,Bib.Pop. Dr. Héctor Tizon,1980-01-01,38042,
2699,Bib.Pub.Pop.y Esc. Ernesto Sábato,1980-01-01,38063,
3575,Bib.Pop. San José Obrero,1980-01-01,38063,bibliosanjoseobrero@hotmail.com
1260,Bib.Pop. Bartolomé Mitre,1910-05-26,38094,
3279,Bib.Pop. La Adela,1980-01-01,42014,bibliotecalaadela@hotmail.com
4251,BIb. Pop. Teresa Pérez,2009-04-04,42021,bibliotecapopularteresaperez@gmail.com
4287,Bib. Pop. La Huella,2000-05-15,42056,
3617,Bib. Pop. Faustino Casimiro Bustos,1998-04-01,42035,biblioconhello@yahoo.com.ar
883,Bib.Pop. Aristóbulo del Valle,1923-01-01,42077,biblioteca_adelvalle@hotmail.com
3231,Bib.Pop. José Hernández,1993-03-29,42119,josehernandezbp@yahoo.com.ar
2457,Bib.Pop. Libertador San Martín,1950-11-12,42126,
897,Bib.Pop. Toay,1921-11-21,42140,bibliotecatoay@cpenet.com.ar
2387,Bib.Esc. Pop. Alfredo Suarez Verdier,1943-08-11,42154,biblioteca_sv@yahoo.com.ar
4370,Bib.Pop. Darío Santillán,2003-10-11,46014,
3932,Bib.Pop. Casa por la memoria y la cultura popular,1999-09-16,50007,
4314,Bib.Pop. Daniel Talquenca de Guaymallén,2011-05-18,50028,
3550,Bib. Pop. Ingeniero Giagnoni,1980-01-01,50035,
3720,Bib.Pop. Escritores Mendocinos,1996-07-09,50049,
2894,Bib.Pop. José A. Pujadas,1971-04-29,50056,biblioteca_pujadas@hotmail.com
3725,Bib. Pop. Chacras de Coria,1996-10-19,50063,bibliochacras@yahoo.com.ar
3613,Bib.Pop. Lucila Barrionuevo de Bombal,1995-11-16,50070,bibliotecapopularlucilabombal@hotmail.com
3271,Bib.Pop. Profesor Dionisio Chaca,1986-09-06,50091,bibliotecadionisiochaca@gmail.com
3306,Bib.Pop. Fray F. Inalican,1980-01-01,50105,
3815,Bib.Pop. Antonio Fernández,1980-01-01,50119,
3336,Bib.Pop. 23 de Septiembre,1994-06-04,54119,bibpop3336@yahoo.com.ar
3300,Bib.Pop.Mun. Bernardino Rivadavia,1980-01-01,54021,
3324,Bib.Pop. Gabriela Mistral,1980-01-01,54056,
4214,Bib.Pop. Del Conocimiento al Saber,1980-01-01,54105,
3445,Bib.Pop.Esc. Aída Simonetti de Ocampo,1980-01-01,54056,
3210,Bib.Pop. Juan Benigar,1993-10-20,58007,
824,Bib.Pop. Coronel J. M. Olascoaga,1980-01-01,58042,bibliotecaolascoaga_chosmalal@yahoo.com.ar
2747,Bib.Pop. Carlos H. Rodríguez,1958-10-22,58035,bibliotecachrodriguez@gmail.com
3354,Bib.Pop. Kimn,1994-12-10,58035,
1342,Bib.Pop. Juan Bautista Alberdi,1928-11-10,58035,bibliotecajbalberdi@gmail.com
3104,Bib.Pop. Suyai Mapu,1980-01-01,58035,suyaimapu@yahoo.com.ar
3130,Bib.Pop. Darío Millain,1980-01-01,58035,dario.millain@gmail.com
4032,Bib.Pop. Rodolfo Walsh,1980-01-01,58035,
4162,Bib.Pop. Huilliches,2004-04-12,58035,Biblioteca.popular.huilliches@gmail.com
3160,Bib.Pop. D.F.Sarmiento,1980-01-01,58035,
3147,Bib.Pop. Pedro Garro Vidal,1980-01-01,62014,bibliotecapgv@yahoo.com.ar
1303,Asoc.Bib. Asoc. Bca. Sarmiento,1928-03-21,62021,secretaria@bibliotecasarmiento.com.ar
3964,Bib.Pop. Dr. Francisco Pascasio Moreno,1986-09-11,62021,bibliofranciscomoreno@yahoo.com.ar
4181,Bib. Pop. Jorge Luis Borges,1980-01-01,62021,biblioborges@hotmail.com
3634,Bib.Pop. Isabel Cordero de Durán,1980-01-01,62042,bibliopopulardecordero@yahoo.com.ar
3361,Bib.Pop. Ruca Quilcatuve,1980-01-01,62042,
3415,Bib.Pop. Ruca Hueney,1980-01-01,62042,
3941,Bib.Pop. Mariano Giménez,1980-01-01,62070,bibliotecapilcaniyeu@yahoo.com.ar
4374,Bib. Pop. Puerto del Este,2006-10-24,62077,bibliotecapuertodeleste@outlook.com
2968,Bib.Pop. Manuel R. Novillo,1978-02-23,62077,biblionov@yahoo.com.ar
3758,Bib.Pop. Cafayateña,1980-01-01,66021,
3914,Bib.Pop. Wiñay Huasi,1980-01-01,66084,
3605,Bib.Pop. Jaime Davalos,1980-01-01,66028,
3610,Nueva Bib. Pop. José Hernández,1963-05-16,66049,martinfierro2004jh@yahoo.com.ar
4083,Asoc.y Bib.Pop. El molino,2002-12-14,66077,bibliotecaelmolino4083@yahoo.com.ar
2849,Bib.Pop. José Hernández,1963-10-10,66119,
4056,Bib.Pop. Robustiano Manero,1980-01-01,66126,
1510,Bib.Pop. José Chirapozu,1918-05-23,70028,
3693,Bib. Pop. Mariano Moreno,1966-06-12,70077,bibliotecapopularmarianomoreno@hotmail.com
2938,Bib.Pop. Sociedad opinión de juventud,1971-07-09,70084,
4063,Bib.Pop. Padre Carlos Barbero,2001-07-12,70091,
1898,Bib.Pop. D.F.Sarmiento,1935-06-15,70105,
3988,Bib. Pop. Legisladores Argentinos,1980-01-01,70133,
1827,Bib.e Inst.Cult.Pop. Bernardino Rivadavia,1934-04-18,74035,evelynbcrr9@gmail.com
3188,Bib.Pop. Antonio Esteban Agüero,1980-01-01,74035,aguero_cnbp_vm3188@yahoo.com.ar
2639,Bib.Pop.Esc. Isaac Newton,1954-08-19,74056,bibliotecaisaacnewton@gmail.com
4186,Bib.Pop. Jorge Luis Borges,1980-01-01,74056,biblioteborges@hotmail.com
3323,Bib.Pop. El mirador,1994-06-20,78014,bibliodelmirador@yahoo.com.ar
4046,Bib.Pop. Cañadon Seco,1999-05-29,78014,biblocs@hotmail.com
3259,Bib.Pop.Esc. Amigos del saber,1980-01-01,78035,biamigosdelsaber@yahoo.com.ar
490,Bib.Pop. 9 de Julio,1980-01-01,82077,biblioteca9dejulio@tostado.com.ar
1789,Bib.Pop. D.F.Sarmiento,1931-10-18,82007,bpsarmientoarmstrong@yahoo.com.ar
1138,Bib.Pop. D.F.Sarmiento,1917-04-19,82014,
3342,Bib.Pop. Presbítero A. Bonini,1989-03-05,82021,
3513,Bib.Pop. Esmeralda,1996-02-15,82021,
4337,Bib.Pop. Héctor Miguel Reinaudi,2010-06-24,82021,bibliotecareinaudi@hotmail.com
2997,Bib.Pop. María Juana,1974-10-20,82021,bpmj@coopmj.com.ar
2254,Bib.Pop. José Manuel Estrada,1937-01-15,82021,biblioteca_jmestrada@hotmail.com
2927,Bib.Pop. Esc. Dr. Ricardo Gutierrez,1939-04-01,82021,biblioteca2927@yahoo.com.ar
1188,Bib.Pop. Juan Bautista Alberdi,1998-02-20,82021,
4074,Bib.Pop. Julio Migno,1998-08-31,82028,
3678,Bib. Pop. Mafalda,1996-10-20,82028,
481,Bib.Pop. Bartolomé Mitre,1920-10-12,82028,bibliopeyrano@gmail.com
1994,Bib. Pop. Brig.Gral. E .López,1938-04-15,82042,
3426,Bib.Pop. Casa de la Cultura,1992-06-06,82042,
4167,Bib.Pop. Julio Migno de Guadalupe Norte,1980-01-01,82049,bibjuliomigno@hotmail.com
4360,Bib.Pop. Fortín Arenales,2013-09-17,82049,bibliotecafortinarenales@outlook.es
4009,Bib.Pop. Padre Leonardo Castellani,2000-10-30,82049,
3664,Bib.Pop. Fray Ermete Constanzi,1996-03-26,82049,
2698,Bib.Pop. José Hernández,1980-01-01,82063,
3873,Bib.Pop. de Pilar,1998-03-12,82070,bibliote@pilar-sfe.com.ar
4377,Bib. Pop. y Pub. George Baud,2008-02-18,82070,
470,Bib.Pop. Carlos Guido Spano,1917-10-12,82084,bibliocgspano@msn.com
430,Bib.Pop. Bernardino Rivadavia,1918-07-09,82084,
442,Bib.Pop.Ped.Inf. Eudoro Díaz,,82084,
2690,Bib.Pop. Constancio C. Vigil,1944-07-08,82084,bpccvigil@gmail.com
3971,Bib. Pop. Primera Ambiental y Ecológica de Rosario,1993-11-12,82084,
3892,Bib. Pop. Amor a la patria,1995-10-15,82084,bibliotecauranga@hotmail.com
427,Bib.Pop. Barón Hirsch,1913-03-10,82091,
460,Bib.Pop. San Martín,1910-12-03,82091,bibliotecapop_sancristobal@hotmail.com
4068,Bib. Pop. Luis Landriscina,2002-12-18,82112,bibliolacriolla@gcrespo.com.ar
4353,Bib. Pop. Miguel A. Fabellotti,2006-07-11,82112,videlac.cultural@gmail.com
4223,Bib. Pop. Alejandría,2008-04-16,82126,bpalejandria@outlook.com
4011,Bib. Pop. Alfonsina Storni,2000-07-27,82105,
3030,Bib.Pop. José Pedroni,1980-01-01,82133,garabato@trcnet.com.ar
4209,Bib. Pop. Profesor Víctor HUgo Olivares,2008-04-21,86049,
2252,Bib.Pop. Manuel Belgrano,1943-07-04,86042,bpbelgrano2252_bandera@hotmail.com
1665,Bib.Pop. Dr. Manuel Gorostiaga,1927-07-14,86049,
3122,Bib.Pop. Esteban Echeverría,1933-06-22,86049,bpe_echeverria@hotmail.com
3164,Bib.Pop. Jorge W. Abalos,1988-10-09,86049,
3566,Bib. Esc. Pop. Siglo XXI,1996-07-19,86049,bibliosigloveintiuno@hotmail.com
1361,Bib.Pop. San Martín,1928-01-02,86161,
644,Bib.Pop. Alberdi,1903-06-26,90084,bipopalberdi100@hotmail.com
645,Bib.Pop. A. M. Garmendia de Frías,1905-07-18,90084,
3532,Bib.Pop. Padre Saravia,1995-12-02,90056,bibliopadresaravia@gmail.com
2418,Bib. Pop. Obrera M.Luisa Bufo de Ferro,1949-06-22,90070,bibliotecaluisabuffodeferro@yahoo.com.ar
651,Bib.Pop. Mariano Moreno,1912-11-20,90112,
88,Bib.Pop. Adolfo Alsina,1912-08-23,6007,
3792,Bib.Pop. Mahatma Gandhi,1980-01-01,6028,bpmgandhi@tutopia.com
2982,Bib.Pop.Soc.Fom. Martín Fierro,1956-03-11,6028,bibmfierro@yahoo.com.ar
4192,Soc. Fom. y Cul. y Bib.Pop. Domingo Faustino Sarmiento,1980-01-01,6035,bsfsarmiento1925@yahoo.com.ar
3468,Bib. Pop. Pilar A. de Traverso,1992-09-08,6126,bibliotecatraverso@yahoo.com.ar
3038,Bib.Pop.Soc.Fom. Nuestra Señora de Luján,1982-09-25,6218,biblovillalujan@hotmail.com
3483,Bib.Pop. de José A. Guisasola,1982-03-01,6189,biblioelperdido@gmail.com
3499,Bib.Pop. Guillermo Enrique Hudson,1980-01-01,6274,arravera@hotmail.com
3633,Bib.Pop.Esc. Antártida Argentina,1996-11-22,6351,bibliogranada@yahoo.com.ar
2824,Bib. Esc. Pop. Ricardo Rojas,1961-03-01,6351,
3203,Bib.Pop. Almafuerte,1993-06-11,6427,bibalma@yahoo.com.ar
1880,"Centro Cultural y Recreativo, Bib.Pop. Mariano Moreno",1930-04-18,6427,bibliomoreno@yahoo.com.ar
3913,Bib.Pop. Trabajadores del Yaguané,1999-02-02,6427,
3736,Bib.Pop. José Hernández,1997-09-20,6441,
3211,Bib.Pop. Dr. Roman S. Harosteguy,1980-01-01,6441,biblioharosteguy@yahoo.com.ar
2438,Bib.Pop. D.F.Sarmiento,1923-12-23,6441,
3828,Bib. Pop. Juan B. Justo,1930-10-05,6434,roxanacaterbetti42@hotmail.com
2729,Bib. Pop. D. F. Sarmiento,1958-04-18,6469,bibliosalas@yahoo.com.ar
1193,Bib.Pop. Albino Capponi,1902-01-12,6483,bibliocapponi@yahoo.com.ar
3796,Bib.Pop. Héroes de Malvinas,1980-01-01,6483,
1257,Bib.Pop. Juan Bautista Alberdi,1926-05-10,6497,bibliotecaopendoor@hotmail.com
2931,Bib.Pop. William C.Morris,1975-04-01,6515,bibwcm@yahoo.com.ar
4262,Bib. Pop. El Cruce de Papel,2007-06-02,6515,
4106,Sociedad de fomento San Pedro y Biblioteca Popular OLEGARIO VICTOR ANDRADE,1958-06-20,6560,
4040,Bib. Pop. Arturo Jauretche de El Palomar,2001-06-30,6560,bibliotecajauretche@yahoo.com.ar
3552,Bib. Pop. de Quequén,1980-01-01,6581,biblioquequen@hotmail.com
201,Bib.Pop. Ferroviaria M.Gandhi,1904-06-20,6595,bibliotecaferroviaria@hotmail.com
202,Bib.Pop. Armando Collinet,1909-07-25,6595,
4371,Bib.Pop. Vecinal Don Helios Eseverri,2010-09-24,6595,
2158,Bib.Pop. Bernardino Rivadavia,1930-01-22,6651,
2090,Bib.Pop. de Don Bosco,1972-07-28,6658,bibbosco@hotmail.com
3878,Bib.Pop. Atahualpas,1980-01-01,6658,
3697,Bib.Mun.Pop. Dr. Tomás Jofre,1980-01-01,6679,bibliomunicipal.rivadavia@gmail.com
4127,Bib.Pop. Renacer,1980-01-01,6714,renacer465adulce@hotmail.com.ar
230,Bib.Pop. Belgrano,2006-11-06,6735,rot14@hotmail.com
2815,Bib.Pop. Mariano Moreno,1957-12-01,6735,bmarianomoreno@yahoo.com.ar
3866,Bib.Pop. La Calabria Popular,1980-01-01,6756,
1242,Bib.Pop. Juan Bautista Alberdi,1927-02-23,6371,bpalberdi@gmail.com
1178,Bib.Pop. Bernardino Rivadavia,1925-07-09,6371,bibliotecarivadavia@yahoo.es
226,Bib.Pop. Rafael Obligado,,6770,
1228,Bib.Pop. D.F.Sarmiento,1927-04-28,6770,bibliotecadfsarmiento@gmail.com
4120,Bib.Pop. Macedonio Fernández,2001-08-06,6819,bpmacedonio@gmail.com
4020,Bib. Pop. Ciudad Jardín,2001-09-11,6840,
729,Bib.Pop. D.F.Sarmiento,,10021,
749,Bib.Pop. Obispo Esquiu,1916-04-16,10035,
3526,Bib.Pop. J. M. Estrada,1980-01-01,10042,
3542,Bib.Pop. Tte.Coronel.M.D.S.Villafañe,1996-10-15,10077,
2999,Bib.Pub. Pop. Gaspar Benavento,1980-01-01,22014,
783,Bib.Pub. Pop. Mariano Moreno,1980-01-01,22140,bibliommoreno@hotmail.com
3450,Bib.Pop.Esc. Juan Ramón Lestani,1980-01-01,22140,bib.juanramonlestani@hotmail.com
2198,Bib.Pop. Esc. Enrique Lynch Arribalzaga,1942-09-28,22140,bcalynch50@yahoo.com.ar
2608,Bib.Pop. Esc. Remedios E. de San Martín,1951-12-01,22140,bibliotecaremediosdeescalada@yahoo.com.ar
3009,Bib.Pop. Celmira G. de Cabral,1972-10-28,22140,bepcgc@yahoo.com.ar
3281,Bib.Pop.Esc. Dr. J. A. Torres,1980-01-01,22140,bibliotecapopulartorres@yahoo.com.ar
3534,Bib.Esc.Pop. Alfredo Veirave,1984-03-05,22140,bca_alfredoveirave@hotmail.com
3959,Bib.Pop. Ruca Raqui Zuam,1980-01-01,26014,bibliotecarucaraquizuam@hotmail.com.ar
3037,Bib.Pop. Lago Puelo,1980-01-01,26014,biblagopuelo@yahoo.com.ar
3800,Bib.Pop. Darío Hugo Fernández,1992-05-01,26021,
3244,Bib.Pop. Gonzalo Delfino,1987-08-17,26077,
3256,Bib.Pop. Rosa de Amaya,1980-01-01,26077,
3607,Bib.Pop. Ceferino Namuncura,1983-09-06,26077,
2021,Bib.Pop. D.F.Sarmiento,1937-06-27,14035,bpjovita@jovitacoop.com.ar
4398,Bib. Pop. Rosario Vera Peñaloza,2022-03-21,14035,bibliotecavillavaleria@gmail.com
549,Bib.Pop. Juan Bautista Alberdi,1913-10-12,14084,
2330,Bib.Pop. Mariano Moreno,1946-12-09,14091,bp2330@bepe.ar
4016,Bib.Pop. José Hernández,2000-06-01,14091,bibliotecajhernandez@tutopia.com
2148,Bib.Pop. José Mármol,1938-04-08,14091,
3138,Bib.Pop. Presbítero G. Avila Vasquez,1985-11-06,14105,
2534,Bib.Pop. Gral. San Martín,1950-08-17,14119,bpsmo@yahoo.com.ar
4395,Bib. Pop. El Manantial,2011-07-08,14126,bibliotecaelmanantialcb@gmail.com
2006,Bib.Pop. D.F.Sarmiento,1935-05-18,14133,
3983,Bib.Pop. Los Hornillos,1980-01-01,14133,bibliohornillos@yahoo.com.ar
3666,Bib.Pub.Mun.Pop. M.E.M. de Chiabrando,1980-01-01,14140,
3623,Bib.Pop. Marcela Rodriguez,1973-05-19,14140,
4343,Bib.Pop.José Marcial Enrique Vaudagna,2001-09-01,14140,
2360,Bib.Pop.Inf. Almafuerte,1945-05-13,14140,clubalmafuertelv970@gmail.com
3748,Bib.Pop.Mun. Quilcahuasi,1980-01-01,14140,
4126,Bib.Pop. Manuela R. Medina,1980-01-01,14098,bibliomanuelamedina@yahoo.com.ar
1070,Bib.Pop. Bartolomé Mitre,1925-03-28,18021,
3813,Bib. Pop. Eva Perón,1998-11-28,18021,bibliotevaperon@arnet.com.ar
4104,Bib.Pop. Francisco Madariaga,2004-06-15,18028,bibliopopfm@hotmail.com
509,Bib.Pop. Literaria Belgrano,1910-09-11,18105,literariabelgrano@gmail.com
1547,Bib. Esc. Pop. Gral. Gregorio Las Heras,1931-08-02,18112,
4110,Asoc.Bib.Pop. Carlos Guido Spano,,18084,bpcgs4110@hotmail.com
330,Bib.Pop. D.F.Sarmiento,1939-08-26,30070,
4350,Bib.Pop. Sebastián Ger Villacampa,2001-08-24,30084,
3917,Bib. Pop. José Hernández,1976-06-22,30088,bibliosansalvador@yahoo.com.ar
3943,Bib.Pop. J. J. de Urquiza,2000-10-24,30056,
4164,Bib.Pop. Páginas Mías,1980-01-01,30098,
3330,Bib.Pop. María Blanca B. de Simonotto,1980-01-01,34014,bpsimonotto@fibertel.com.ar
3387,Bib.Pub. Pop. San Antonio,1992-08-17,34056,
3227,Bib.Pub.Pop Palma Sola,1980-01-01,38070,
774,Bib.Pop. D.F.Sarmiento,1915-07-09,38112,
2317,Bib.Pop. Clemente J. Andrada,1980-01-01,42021,biblo2317@gmail.com
4270,Bib.Pop. Miguel Angel Gomez Drumell,2009-09-01,42021,bibliomiguelgomez@gmail.com
1499,Bib.Pop. Ricardo Güiraldes,1929-11-14,42056,bibliovertiz@yahoo.com.ar
806,Bib.Pop. Florentino Ameghino,1921-02-03,42070,sonirack77@yahoo.com.ar
2786,Bib.Pop. Mariano Moreno,1958-11-27,42077,bibliotecammoreno@yahoo.com.ar
3309,Bib.Pop. María E. Fernández de Falciola,1980-01-01,42077,falciola@cooparauz.com.ar
2807,Bib.Pop. Juan del Rosario Garro,1961-08-21,42105,bibliotecagarro@gmail.com
3186,Bib.Pop. Modesto Caretto,1987-11-01,42126,bibliotecalamaruja@hotmail.com
2355,Bib.Pop.Mun. Ing. Luis Luiggi,1948-07-04,42133,bibliotecaingenieroluiggi@hotmail.com
3434,Bib. Pop. Sebastián Dalmasso,1994-06-04,42133,gildarodriguez_73@hotmail.com
811,Bib.Pop. Presidente Avellaneda,1910-05-01,42133,
2373,Bib.Pop. D.F.Sarmiento,1934-08-13,42154,bibpopataliva@yahoo.com.ar
719,Bib.Pop. Juan Bautista Alberdi,1914-02-01,46014,
1345,Bib.Inf.Pop. Tte.Coronel Marcelino Reyes,1980-01-01,46014,bmarcelinoreyes@gmail.com
4049,Bib.Pop. Palabras del corazón,1980-01-01,50049,
2875,Bib.Pop.Mun. Juan Bautista Alberdi,1911-05-25,50063,bibliopmalberdi@yahoo.com.ar
3463,Bib.Pop. Angélica Z. de Catena,1980-01-01,50084,
3228,Bib.Pop. Dr. Faustino B. Gil,1993-01-02,50091,
3190,Bib. Pop. Joaquín di Genaro,1992-07-10,50091,bibdigenaro@yahoo.com.ar
689,Bib.Pop. Julio A. Roca,1980-01-01,50098,bibliopop.julioaroca@gmail.com
676,Bib.Pop. Mariano Moreno,1919-03-30,50105,
4100,Bib.Pop. Maestro Antonio Isaac Quiroga,1980-01-01,50105,
3501,Bib.Pop. Aristóbulo del Valle,1990-06-18,54014,
3405,Bib.Pop. Arandu Roga,1980-01-01,54063,
4363,Bib.Pop. Alma Guaraní,2015-07-15,54063,
3395,Bib.Pop.Mun. Nicolás A. Petcoff,1994-12-07,54077,bibpetcoff@yahoo.com.ar
3374,Bib.Pop.Tec. Roque G. de Santa Cruz,1980-01-01,54084,
3935,Asoc.Bib.Pop. Ernesto Sábato,2000-08-21,54098,popularsabato@gmail.com
4247,Bib. Pop. Thay Morgenstern,2004-05-11,54112,bibliopopu.sanpedro@gmail.com
3788,Bib.Pop. Maestro Galeano,1980-01-01,58007,
3756,Bib. Pop. San Patricio del Chañar,1997-12-02,58014,bibliotecachanar@yahoo.com.ar
4052,Bib. Pop. Monseñor Jaime de Nevares,2002-07-25,58035,bibliotecadenevares@yahoo.com.ar
4152,Bib. Pop. Pehuen - Barrio Alta Barda,1980-01-01,58035,
4269,Bib.Pop. Abuela Bertogna de Barrio Nuevo,2003-10-24,58035,
3161,Bib.Pop. América,1980-01-01,58035,
3097,Bib.Pop. Cerro Los Quiques,1980-01-01,58077,bipopclq@yahoo.com.ar
3129,Bib.Pop. Chochoy Mallin,1980-01-01,58084,
3807,Bib.Pop.Mun. Don Elias Sapag,1980-01-01,58091,
3833,Bib.Pop. La Libroteca,1998-07-09,58112,
1522,Bib.Pop. Bernardino Rivadavia,1931-05-10,62091,bibliotecapopularjacobacci@yahoo.com.ar
3326,Bib.Pop. Aime Paine,1990-03-05,62021,
3081,Bib.Pop. El hogar del lector,1980-01-01,62042,
2922,Bib.Pop. Amigos del libro,1974-05-03,62042,bpamigosdellibro@hotmail.com
4335,Bib. Pop. Malvinas Argentinas,1997-11-27,62042,
3930,Bib.Pop.Asoc.Cult. Dina Huapi,1996-05-30,62070,bibliotecapopulardinahuapi@gmail.com
4131,Bib.Pop. General Manuel Belgrano,1980-01-01,66007,
3125,Bib.Pop. Juan Carlos Davalos,1964-08-25,66028,biblo424@hotmail.com
3651,Bib. Pop. Presbítero P. F. Acuña,1994-04-25,66028,elba_ugarte@hotmail.com
3822,Bib.Pop. D.F.Sarmiento,1997-09-17,66028,bpsarmiento3822@hotmail.com
3838,Bib.Pop. Profesora Nora Godoy,1999-09-06,66028,bibliotecanoragodoy@hotmail.com
3973,Bib.Pop. Barrio Palermo I,1994-10-20,66028,
752,Bib.Pop. Francisco Alsina,1910-06-06,66035,
3373,Bib.Pop. Gob. Dn. R. Romero,1994-11-26,66091,
3974,Bib. Pop. Mun. Domingo Faustino Sarmiento,1980-01-01,66126,
4194,Bib.Pop. y Grupo Soc.Cult. Crecer,1980-01-01,66140,
3311,Bib.Pop. Emilio Moya Gil,1980-01-01,70028,bibpopem@hotmail.com
4217,Bib. Pop. Sur,2008-04-16,70077,bibliotecapopularsur@hotmail.es
3490,Bib.Pop. Dr. Pablo Ramella,1993-08-26,70084,bibliotecapabloramellasj@hotmail.com
4058,Bib.Pop. Rayos de luz,1980-01-01,70084,
707,Bib.Pop. Rawson,1910-09-30,70098,
4354,Arte y Cultura de Ullum Bib. Pop. Luis Solera,2009-10-05,70112,bibliotecaullum@gmail.com
611,Bib.Pop. Los Manantiales,1916-06-27,74014,
3221,Bib.Pop. Cerros del Rosario,1993-08-26,74021,
987,Bib.Pop. Dr. Juan Llerena,1937-05-02,74035,mariel_ra19@live.com.ar
3430,Bib.Pop. Juan Pascual Pringles,1980-01-01,74063,bibliojuanpascualpringles2012@hotmail.com
4227,Bib. Pop. Elba Irma Rosso de Bravo,1980-01-01,82077,
2189,Bib.Pop. Manuel Belgrano,1939-06-20,82014,biblbelgrano@gmail.com
3032,Bib.Pop. Cervantes,1963-03-01,82028,bibcervantes3032@yahoo.com.ar
2256,Bib.Pop. Mariano Moreno,1944-08-04,82028,
1952,Bib.Pop. Alberto Chovet,1937-06-13,82042,biblioteca_chovet@hotmail.com
469,Bib.Pop. Florentino Ameghino,1930-01-01,82042,biblioameghino@powervt.com.ar
3741,Bib.Pop. Padre Jorge Capello,1997-09-11,82049,
2178,Bib.Pop. Pablo A. Pizzurno,1943-04-11,82056,biblioteca_carrizales@hotmail.com
2384,Bib. Pop. Villa Talleres,1945-11-23,82063,
455,Bib.Pop. Bartolomé Mitre,1907-06-03,82063,bibliomitre0455@yahoo.com.ar
2772,Bib.Pop. Pablo A. Pizzurno de Santa Fe,1929-06-25,82063,bpizzurnosfe@hotmail.com
2811,Bib.Pop. Domingo Faustino Sarmiento,1935-07-19,82070,bibliosantodomingo@gmail.com
3898,Bib.Pop. El buen saber,2000-07-20,82084,bpelbuensaber2004@yahoo.com.ar
3710,Bib.Pop. Centro cultural Rosario,1998-02-02,82084,
3980,Bib.Pop. Casa de Luxemburgo,2000-11-14,82084,bibliotecaamaprosario@gmail.com
4191,Asoc.Civ.Bib.Pop. Raíces y Alas,1980-01-01,82084,nogaralito@hotmail.com
4321,Bib. Pop. Teresa de Calcuta,2012-10-16,82091,
2187,Bib.Pop. Juan Bautista Alberdi,1935-06-08,82091,bibpopalberdi@yahoo.com.ar
489,Bib.Esc.Pop. D.F.Sarmiento,1918-04-28,82119,
4091,Bib.Pop. Ada Nilda Alderete,2001-06-16,86035,
3115,Bib.Pop. Florentino Ameghino,1942-11-15,86049,
2578,Bib.Pop. Miguel Martín de Güemes,1940-08-24,86049,
4057,Bib.Pop. José Mármol,1936-08-16,86049,biblioteca_marmol@hotmail.com
3893,Bib.Pop. Juan Bautista Marozzi,1997-08-11,86154,
4328,Bib. Pop. El Algarrobal,2012-10-12,86161,bibliotecaelalgarrobal@gmail.com
3370,Bib.Pop. José Hernández,1992-05-22,86161,
3252,Bib.Pop. Mariano Moreno,1992-08-10,94007,
2356,Bib.Pop. 25 de Mayo,1909-07-09,90049,
3159,Bib.Pop. Manuel Aldonate,1980-01-01,90098,
2015,Bib.Pop. Hipólito Yrigoyen,1935-05-05,90105,
4158,Bib.Pop. La Randa,1980-01-01,90119,bibliolaranda@yahoo.com.ar
2170,Bib.Pop. Dr. Victor H. Barrera,1942-11-30,6014,barrerabp@hotmail.com
3193,Bib.Pub.Mun. Manuel Vilardaga,,6042,
1021,Bib.Pub. Pablo A. Pizzurno,1923-12-01,6063,bibliotecapizzurno@yahoo.com.ar
4075,Bib.Pop. Juan María Gutierrez,2002-09-21,6091,bibliotecapopularjmgutierrez@hotmail.com
1864,Bib.Pop. Pestalozzi,1935-07-09,6098,bibliopopularpestalozzi@gmail.com
2473,Bib.Pop. Ricardo Güiraldes,1949-02-02,6098,bibliotecaguiraldes@yahoo.com.ar
2135,Bib.Pop. José Ingenieros,1940-06-01,6021,bpjimechita@live.com.ar
4166,Bib.Pop. Dr. Frutos Enrique Ortiz,1980-01-01,6119,gallardosandra@hotmail.com
1002,Bib.Pop. Almafuerte,1923-05-21,6140,bpalmafuerte@hotmail.com
113,Bib.Pop. D.F.Sarmiento,,6218,bpsarmiento113@yahoo.com.ar
1733,Bib.Pop. Bernardino Rivadavia,1932-09-01,6260,
4170,Bib. Pop. Florencio Sánchez,1980-01-01,6274,bibliotecaflorenciosanchez@yahoo.com.ar
126,Bib.Pop. D.F.Sarmiento,1913-06-13,6351,
4349,Bib.Pop. El Desafío para Crecer,2014-11-10,6357,
4280,Bib.Pop. Minchekewun,2011-05-12,6385,
3197,Bib.Pop.Pub.Mun. Benito Lynch,1979-10-27,6392,blynch@servicoopsa.com.ar
2923,Bib.Pop.Soc.Fom. Julián Aguirre,1975-05-13,6408,
3621,Bib.Pop. Alfredo L. Palacios,1980-01-01,6408,biblioapalacios@yahoo.com.ar
1809,Bib.Pop. 9 de Julio,1933-06-02,6413,biblioteca9dejulio@gmail.com
3928,Bib.Pop. Juan Bautista Alberdi,1940-05-07,6413,
165,Bib.Pop. Florentino Ameghino,1918-05-02,6441,bibliotecaalborada@yahoo.com
2546,Bib.Pop. Mariano Moreno,1939-03-27,6441,
1920,Bib. Pop. Mariano Moreno,1936-07-11,6441,bibpopmarianomoreno@hotmail.com
150,Bib.Pop. Libertador San Martín,1917-09-07,6434,
294,Bib.Pop.y Soc.Fom. D.F.Sarmiento,1918-03-01,6434,bibliotecasarmiento@yahoo.com.ar
1684,Bib.Pop. Bartolomé Mitre,1932-06-12,6469,bibliobayauca@hotmail.com
122,Bib.Pop. Rivadavia,1920-12-27,6483,
3865,Bib.Pop. Alfonsina Storni,1980-01-01,6490,
3979,Bib. Pop. Leopoldo Marechal,1980-01-01,6490,
3404,Bib.Pop.E Inst.Cult. Juan María Gutierrez,1938-09-18,6490,
3785,Bib.Pop. de los Polvorines,1998-11-05,6515,bibliotecapolvorines@gmail.com
4336,Bib.Pop. Almafuerte de Barrio Guemes,2008-06-20,6560,bibliotkalmafuerte@gmail.com
1309,Bib.Pop. José M. Estrada,1926-04-03,6581,joseestrada@arnet.com.ar.
4384,BP Del Otro Lado del Arbol,2021-08-23,6595,delotroladodelarbolenolavarria@gmail.com
2073,Bib.Pop. Bartolomé Mitre,1914-10-11,6616,
898,Bib.Pop. Bartolomé Mitre,1922-03-12,6638,bibliotecapilar@yahoo.com.ar
3793,Bib.Pop. Rincón de luz,1999-05-25,6665,
2022,Bib.Pop. Rómulo S. Naón,1939-01-14,6749,bpromulonaon@gmail.com
4031,Bib.Pop. La Casa de las palabras,2001-11-16,6749,
3060,Bib.Pop. Club de madres de B.Sauce,1980-01-01,6756,
3644,Bib.Pop. Hist. E. I. Munzon,1996-07-08,6760,bphmunzon@hotmail.com
4005,Bib. Pop. Mariano Moreno,1980-01-01,6805,bibliotecammoreno@hotmail.com
244,Bib.Pop.Pub. Rivadavia,1903-05-17,6826,bibliotecarivadavia_tl@yahoo.com.ar
115,Bib.Pop. Juan Bautista Alberdi,1914-04-03,6840,bpalberdi@yahoo.com.ar
4210,Bib. Pop. Sudestada,2008-04-21,6861,bpsudestada@yahoo.com.ar
3797,Bib.Pop.Esc. Cervantes,1967-07-15,6875,
914,Bib.Pop. D.F.Sarmiento,1922-01-17,6882,cpcultura@hotmail.com
740,Bib.Pop. José M. Ramos Mejia,1912-02-22,10042,
2365,Bib.Pop. Manuel Ponferrada,1942-08-31,10049,
2991,Bib.Pop. Esquiu,1979-04-20,10063,bibliotecaesquiu2991@yahoo.com.ar
2850,Bib.Pop. Juana R. Ahumada,1980-01-01,10070,
3653,Bib.Pop. Julio Pascual Robin,1980-01-01,10070,
1020,Bib.Pop. Rafael Castillo,1921-11-02,10077,
742,Bib.Pop. Rafael Castillo,1912-10-28,10091,
3654,Bib.Pop. Santa Rosa de Lima,1997-03-15,10098,bibliotecasantarosa@yahoo.com.ar
3630,Bib.Pop. Los Altos,1997-09-21,10098,
862,Bib.Pop. Carlos Guido Spano,1918-08-18,10084,
3493,Bib. Pop. Dr. Ramón S. Castillo,1995-12-15,10112,
3389,Bib.Pop. Rubén D. Dalla Fontana,1995-09-23,22168,gladysf_cajcepn7@yahoo.com.ar
2996,Bib.Esc. Pop. Monseñor de Carlo,1980-01-01,22021,
3548,Bib. Pop. Alejandro Maria Aguado,1980-01-01,22056,bibliotecaaguado_lv@hotmail.com
3459,Bib. Pub. Pop. Juana P. Manso Noronha,1980-01-01,22084,bibnoronha@yahoo.com.ar
3555,Bib.Esc.Pop. Maestro Sarmiento,1981-11-23,22098,
3005,Bib.Pub. Pop. Centenario de la creación del Chaco,1972-12-27,22140,delcentenario1@hotmail.com
779,Bib.Pop. Bernardino Rivadavia,1909-09-18,22140,biblio80rivadavia@yahoo.com.ar
3184,Bib. Pop. Juan B. Justo,1980-01-01,22140,
4180,Asoc. Civil y BiB P Gral Martín Miguel de Güemes,1980-01-01,26007,
3277,Bib.Pop. Asunción Cobo,1980-01-01,26007,bibliotecacobo@gmail.com
4331,Bib.Pop. Astra,2007-10-28,26021,hola@labibliotecadeastra.com
3041,Bib.Pop. Ricardo J. Berwyn,1939-07-20,26042,bibliopopberwyn@gmail.com
3732,Bib.Pop. Benedicto Terrone,1998-10-20,26077,bp.benedictoterrone@gmail.com
4324,Bib.Pop. Osvaldo Bayer,2008-06-11,26056,
4252,Asoc. Cultural y Bib. Pop. Tesis 11,2004-03-08,2000,tesis11@tesis11.org.ar
1843,Asoc.Vec. Cir.Cult. Belisario Roldán de Versailles,1980-01-01,2000,bibliotecabelisarioroldan@yahoo.com.ar
1975,Bib.Pop. El progreso,1916-03-01,2000,
947,Bib.Pop. Ciencia y labor,1918-05-25,2000,bpcienciaylabor@gmail.com
1187,Bib.Pop. Pueyrredón sud,1920-03-21,2000,bibliotecapueyrredonsud@gmail.com
1991,Bib.Pop. Juan Pablo Echagüe,1929-02-01,2000,
4197,Bib. Pop. Federico Lacroze,1980-01-01,2000,bpflacroze@gmail.com
2768,Bib.Pop. Almafuerte,1959-05-17,14007,
3127,Bib.Pop. Teniente B .Matienzo,1980-01-01,14014,nuevabibliomatienzo@hotmail.com
3572,Bib. Pop. Barrio Talleres,1986-08-02,14014,bibliotecapopularhugowast@yahoo.com.ar
3845,Bib.Pop. Alfonsina Storni,1999-08-01,14014,biblioalfonsinastorni@gmail.com
4243,Bib.Pop. Julio Cortázar,1980-01-01,14014,bibliotecacortazarcba@yahoo.com.ar
4351,Bib. Pop. Casa del Pueblo,2012-05-05,14014,bibliotecacasadelpueblo@gmail.com
2045,Bib.Pop. Mariano Moreno,1918-07-23,14021,
3629,Bib. Pop. Leopoldo Lugones,1997-10-16,14091,blugones@gmail.com
4238,Bib.Pop. Carmen Abril de Cacciavillani,2003-08-17,14098,
1500,Bib.Pop. Juan Bautista Alberdi,1930-08-24,14098,juanbalberdi1500@yahoo.com.ar
3586,Bib.Pop. Luis Alberto Guerberoff,1996-06-15,14119,bpguerbe@hotmail.com
3576,Bib.Pub.Pop.Mun Jorge Luis Borges,1997-06-14,14140,
3744,Bib.Pop. Suquia,1980-01-01,14147,
4019,Bib.Pop. Huerta Grande,2001-06-21,14091,bibliotecahg@gmail.com
527,Bib.Pop. Almafuerte,1926-07-03,14161,
2081,bib.pop.Sociedad Recreativa y Cult. Juventud Unida,1930-12-26,14161,
2936,Bib.Pop. Poeta Lugones,1976-04-05,14161,bibliotecatancacha@hotmail.com
2735,Bib.Tec.Pop. Bernardino Rivadavia,1957-09-13,18021,
3298,Bib.Pop. Ernesto Sábato,1980-01-01,18021,librosabato@yahoo.com.ar
4165,Bib. Pop. Coembá Porá (Lindo Amanecer,1980-01-01,18021,coembapora@yahoo.com.ar
4380,Bib. pop. Marta Elgul de Paris,2015-11-09,18070,
1957,Bib.Pop. Carlos M. de Alvear,1936-07-09,18056,bibliotecapopularalvear@hotmail.com
1918,Asoc. Bib.Pop.Esc. Dorila P. Méndez,1929-08-30,18112,
4088,Bib.Pop. Ramón Barboza,2002-03-01,18119,bpramonbarboza@hotmail.com
2970,Bib.Pop. Victor Elias Navajas Centeno,1967-09-10,18168,bibliotecavnc@cableat.net
523,Bib.Pop. Almafuerte,1918-06-09,18175,
306,Bib.Pop. Fiat Lux,,30008,bpfiatlux@gmail.com
4378,Bib. Pop. Estación Puiggari Asociación Civil,2018-03-16,30021,bibliotecaestacionpuiggari@gmail.com
4240,Bib.Pop. Manuel Belgrano,2000-11-10,30056,teresamajul@hotmail.com
3798,Bib. Pop. Sandor Mikler,1998-11-30,30063,bpsm3798@hotmail.com
3290,Bib.Pop. La vieja estación,1980-01-01,30077,laviejaestacionhernandez@hotmail.com
3441,Bib.Pop. Gaspar Benavento,1995-06-22,30077,
354,Bib. Pop. Fermin Chavez,,30077,
4054,Bib. Pop. San José de Cupertino,2001-05-08,30084,bpcup2001@yahoo.com.ar
4078,Bib.Pop. Ser protagonistas,2003-08-21,30088,serprotagonistas@gmail.com
886,Bib.Pop. Luz obrera,1919-08-23,30098,bluzobrera1919@yahoo.com.ar
3179,Bib.Pop. Armando de Vita y Lacerra,1991-08-23,34014,
3180,Bib.Pop. San Francisco de Laishi,1992-08-12,34021,
2976,Bib.Pop. Dr. Ernesto Guevara,1978-08-23,34035,
3462,Bib.Pop. Mariano Valle,1915-09-16,38007,cesarmamani29@yahoo.com.ar
766,Bib.Pop. de Jujuy,,38021,bibpojuj@imagine.com.ar
769,Bib.Pop. Gral. Bartolomé Mitre,1906-05-25,38028,
3183,Bib.Pop. Virgen de Río Blanco,1980-01-01,38042,
3276,Bib.Pop. Viltipoco,1980-01-01,38098,
3059,Bib.Pop. 3 de Abril,1986-05-14,38098,
3377,Bib.Pop. Raúl Isidoro D'Atri,1994-08-16,42021,
3321,Bib.Pop. María Rubio de Bada,1980-01-01,42028,
1646,Bib.Pop. Manuel Lej,1932-05-15,42035,popularsarmiento@yahoo.com.ar
1509,Bib.Pop. Manuel Belgrano,1931-05-11,42098,biblio_mb_luantoro@hotmail.com
4080,Bib.Pop. José Elías Rosales,2003-01-06,42105,bibliotecarosales@hotmail.com
1945,Bib.Pop. Antonio Martello de Speluzzi,1937-04-01,42105,biblioamartello@hotmail.com
816,Bib.Pop. Raúl Belisario Díaz,1911-07-01,42119,bpraulbdiaz@yahoo.com.ar
3565,Bib.Pop. José Grassi,1980-01-01,42133,vanpraetbiblioteca@yahoo.com.ar
805,Bib.Pop. Florentino Ameghino,1919-07-07,42133,bibmartini@hotmail.com
724,Bib.Pop. Pedro I. de Castro Barros,1915-04-28,46007,
718,Bib.Pop. Mariano Moreno,,46014,bibliotecamarianomoreno@gmail.com
3918,Bib.Pop. José Hernández,1999-11-10,46028,
726,Bib.Pop. Pedro I. de Castro Barros,1914-10-24,46049,
3606,Bib.Pop. Juan Facundo Quiroga,1947-11-17,46063,
4090,Bib.Pop. Pastor de la Colina Villafañe,1980-01-01,46119,
3209,Bib.Pop. Juventud en acción,1992-11-30,50007,
2188,Bib.Pop. Antonio Dimarco,1940-12-08,50014,bibliotecadimarco@yahoo.com.ar
1364,Bib.Pop. Gral. C. M. de Alvear,1928-08-05,50014,bibliotecadeoeste@hotmail.com 
4255,Bib.Pop. del Saber del Pueblo y su Cultura,2008-11-01,50049,noemi84@live.com.ar
4159,Bib.Pop. Las Compuertas,1980-01-01,50063,bibliolascompuertas@gmail.com
3233,Bib.Pop. Mariano Moreno,1947-11-24,50091,bpmmorenochilecito@yahoo.com.ar
3423,Bib.Pop. Carolina Paponet de Suter,1980-01-01,50105,
4102,Bib. Pop. Esperanza de nuestros lectores,2004-05-17,50105,
4211,Asoc.Bib.Pop. Arturo U. Illia,1980-01-01,54014,
4394,Bib. Pop. El Urunday,2021-08-23,54021,bibliotecapopularelurunday@gmail.com
4387,Asoc.Vecinal Barrio Parque 2 de abril,1980-01-01,54028,
3461,Bib.Pop. Jorge Luis Borges,1980-01-01,54049,
2561,Bib.Pop. D.F.Sarmiento,1946-09-09,54091,bibpopsarmiento@yahoo.com.ar
3295,Bib.Pop. María E. Tejada de Lastra,1994-03-08,58035,
3102,Bib.Pop. Segundo Vazquez,1994-12-21,58035,
3137,Bib.Pop. Eliel Aragon,1990-11-07,58035,biblioeliel@gmail.com
3220,Bib.Pop. Kique Sánchez Vera,1993-04-01,58035,bibliopopularkiquesanchezvera@gmail.com
3131,Bib.Pop. Hueupines,1987-09-15,58035,
3023,Bib.Pop. de Front. Dr. G Alvarez,1983-08-12,58049,bpgalvarez@yahoo.com.ar
3735,Bib. Pop. Escritores Patagónicos,1980-01-01,62042,bibliotecaescritora@gmail.com
3082,Bib.Pop. Crecer,1980-01-01,62042,bipocre@hotmail.com
3831,Bib.Pop. El sembrador - J. Sabino Rojas,1999-05-18,62042,
4153,Bib. Pop. La Rivera,1980-01-01,62042,bibliorivera@yahoo.com.ar
3996,Bib.Pop. Apolinario Saravia,1999-09-12,66007,
3781,Bib.Pop. María Ester Gauna,1980-01-01,66028,bibliotecapopularmariaestergauna@hotmail.com
3791,Bib.Pop. Tata Sarapura,1997-10-27,66028,
1828,Bib.Pop.Mun. Juan Bautista Alberdi,1934-10-01,66056,
1825,Bib.Pop. Juan Bautista Alberdi,1933-06-18,66056,
3385,Bib.Pop. Jorge Luis Borges,1995-11-13,66126,
4004,Bib.Pop. Juan Calchaqui,1980-01-01,66154,
3965,Bib.Pop. María Julia Escalera de Cazón,1980-01-01,66056,
4094,Bib.Pop. El Eternauta,1980-01-01,70028,
4327,Bib. Pop. José Manuel Estrada,1981-08-22,70077,
4093,Bib.Pop. Alfonsina Storni,1980-01-01,70077,alfonsinastorni.rawsonsj@gmail.com
3706,Bib.Pop. Antonio Ercilio Zeballos,1996-06-20,70119,oscarobles01@gmail.com
3056,Bib.Pop. Antonio Esteban Agüero,1992-09-08,74049,poetaaguero@merlo_sl.com.ar
3594,Bib.Pop. Puertas abiertas,1980-01-01,74049,bipa6@live.com.ar
3580,Bib.Pop. Barrio 2 de abril,1980-01-01,78014,
4304,Bib.Pop. Mujer Pionera de El Chaltén,1988-03-05,78028,biblioculturaelchalten@yahoo.com.ar
1035,Bib.Pop. D.F.Sarmiento,1914-01-14,82014,
4365,Bib.Pop. Arco Iris,2001-09-24,82021,bp_arcoiris_bi@yahoo.com.ar
472,Bib.Pop. D.F.Sarmiento,1919-06-04,82021,
2941,Bib.Pop.Esc. José Hernández,1980-01-01,82021,
859,Bib.Pop. Bartolomé Mitre,1921-05-29,82028,bibliotecabombal@bombal.net.ar
467,Bib.Pop. Manuel Belgrano,1980-01-01,82028,bpmanuelbelgrano@hotmail.com
1808,Bib.Pop. Nicasio Oroño,1917-01-01,82028,binioro@gmail.com
2276,Bib.Pop. Bernardino Rivadavia,1945-09-02,82042,
1472,Bib.Pop. D.F.Sarmiento,1930-02-04,82042,bibliosancti@coopsancti.com.ar
2840,Bib.Pop. Constancio C.Vigil,1960-03-20,82042,bp2840@bepe.ar
2012,Bib.Pop. Mariano Moreno,1980-01-01,82049,biblio_marianomoreno@hotmail.com.ar
1041,Bib.Pop. Pablo A. Pizzurno,1924-08-03,82119,c3biblpizzurno1@yahoo.com.ar
3936,Bib. Pop. Caja de Créditos Correa,1976-07-27,82056,bibpcorrea@hotmail.com
2421,Bib.Pop. Mariano Moreno,1939-05-14,82056,
1771,Bib.Pop. Gob. Mariano Cabal,1929-01-01,82063,
4301,Bib.Pop. Osvaldo Bayer,2010-02-12,82063,bibliotecapopularosvaldobayer@yahoo.com.ar
4381,"Bib. Pop. ""José Hernández""",2018-06-11,82070,josehernandezbibliotecapopular@gmail.com
4226,Bib.Pop.María Emilia Divo,2003-07-28,82070,bibliotecapopularmed@hotmail.com
2005,Bib.Pop. Homero,1936-08-18,82084,bibliohomero@hotmail.com
3869,Bib.Pop. Roberto Fontanarrosa,1980-01-01,82084,bibliorfontanarrosa@hotmail.com
4012,Bib.Pop. Dr. Lisandro de la Torre,2001-03-21,82084,
3923,Bib. Pop. José Pedroni,2000-03-26,82084,bpedronisoldini@yahoo.com.ar
420,Bib.Pop. Dr. Andrés Egaña,1905-02-21,82105,bibliotecagalvez@cablenet.com.ar
466,Bib.Pop. Rivadavia,1918-08-25,82105,
925,Bib.Pop. Estanislao Zeballos,1922-07-15,82112,bibliotecagcrespo@hotmail.com.ar
615,Bib.Pop. Bartolomé Mitre,1916-06-09,86028,
1264,Bib.Pop. Juan Bautista Alberdi,1927-06-24,86035,
621,Bib.Pop. D.F.Sarmiento,,86049,bibliotecasociedadsarmiento@hotmail.com
3927,Bib.Pop. Alberto J. Montenegro,2001-04-01,86056,
3239,Bib.Pop. Infanto Juvenil,1993-07-31,94007,bibliotecaij@hotmail.com
3340,Bib.Pop. Kau Kren de la Dcion. Pcial. de Juventud,1980-01-01,94007,bibliotecakaukren@hotmail.com
3540,Bib.Pop. Malvinas argentinas,1980-01-01,94007,
4386,BP Patria Grande,2022-03-04,90084,patriagrandebp@gmail.com
1611,Bib.Pop. Manuel Lainez,1932-03-23,90028,
4320,Bib. Pop. Batalla de Famailla,2012-04-25,90028,
1658,Bib.Pop. Juan Bautista Alberdi,1928-09-15,90105,
1850,Bib.Pop. José Ingenieros,1933-10-12,6588,
3841,Bib. Pop. Atahualpa Yupanqui,1999-12-10,6028,atahualpa1999@gmail.com
2543,Bib.Pop. José Mármol,1940-06-28,6035,bjmarmol@yahoo.com.ar
4086,Bib.Pop. Enrique del Valle Iberlucea,2002-06-02,6035,
911,Bib.Pop. Juan M. de Pueyrredón,1922-05-14,6035,
2790,Bib.Pop. Roberto Payro,1960-09-27,6056,
2723,Bib.Pop. Juan J. Bernal Torres,1946-12-26,6084,bipopbernaltorres@gmail.com
2861,Bib.Pop. José Ingenieros,1963-09-07,6147,biblioingenieros@gmail.com
270,Bib.Pop. Juan Bautista Alberdi,1914-09-08,6161,bibliocada@yahoo.com.ar
1381,Bib.Pop. D.F.Sarmiento,1907-01-01,6210,
3631,Bib.Pop. Ambulante y Rural de Chascomus,1994-10-07,6218,labiblioamb@hotmail.com
105,Bib.Pop. Dr. Antonio Novaro,,6224,bibliotecanovaro@hotmail.com
3571,Bib.Pop. Esc. Ing. Luis Luiggi,1994-09-23,6182,
101,Bib.Pop. D.F.Sarmiento,1915-01-31,6203,bibliotecasarmiento_2000@yahoo.com.ar
4065,Bib.Pop. Osvaldo H. Merlo,1980-01-01,6245,anamzanoni@yahoo.com.ar
4357,Soc. de Fom. y Bib. Pop. del Bo. Parque El Trébol,1993-11-06,6270,bibliotecaeltrebol@gmail.com
2810,Bib.Pop. D.F.Sarmiento,1959-08-09,6270,bpdfsts@yahoo.com.ar
3522,Bib. Pop. Lisandro de la Torre,1995-08-19,6274,
2789,Bib.Pop. José Hernández del Club Deportivo El León,1944-04-02,6315,
2914,Bib.Pop. Presidente Mitre,1944-03-15,6322,nesoa_07@yahoo.com.ar
3922,Bib. Pop. Juan XXIII,2000-06-10,6351,bibliotecapopularjuan23@hotmail.com
3339,Bib.Púb. Municipal Fortín de Gainza,1991-09-05,6392,biblioteca_fortingainza09@hotmail.com
1454,Bib.Pop. Esteban Echeverría,1930-02-04,6413,
4389,Bib. Pop. Pio Soberano,2022-03-11,6413,piosoberanobibliotecapopular@gmail.com
3910,Bib.Pop. Juan XXIII,1980-01-01,6420,
3293,Bib.Pop. Delia C. de Armagno,1980-01-01,6427,fundaciondeliacdea@gmail.com
3921,Bib.Pop. Tinkunaku-Lugar de encuentro,2000-06-01,6427,bptinkunaku@yahoo.com.ar
4338,Bib.Pop. de la Imagen (CEIC),2003-02-21,6427,bibliotecapopularimagen121@gmail.com
1747,Bib.Pop. Dr. Nicolás Avellaneda,1927-12-27,6441,
2098,Cen. de Fom. M. V y Bib.Pub.Pop. Enrique Gonino,1929-04-16,6441,bibliotecameridianov@hotmail.com
2436,"Bib.Pop. Juan Vucetich, C.C. Y Dep. Aconcagua",1944-07-01,6441,bibliojuanvucetich@gmail.com
2644,Bib.Pop. Dardo Rocha,1954-11-30,6441,
3717,Bib. Pop. Homero Manzi,1980-01-01,6441,bib.homeromanzi@gmail.com
3448,Bib.Pop.Mun. Mariano Moreno,1994-06-06,6434,
3431,Bib.Pop. Florentino Ameghino,1980-01-01,6434,bibliopopameghino@hotmail.com
4135,Bib.Pop. Monte Chingolo,1980-01-01,6434,bibliotecapopularmontechingolo@gmail.com
2767,Bib.Pop. Dr. E. Angel Barriocanal,1955-09-03,6434,bibliotecabarriocanal@yahoo.com.ar
177,Bib.Pop.Mun. D.F.Sarmiento,,6469,bibliotecasarmientocoop@hotmail.com.ar
279,Bib.Pop. D.F.Sarmiento,1918-04-05,6476,
3149,Bib.Pop.Soc.Fom. Roberto Arlt,1980-01-01,6490,
173,Bib. Pop. Antonio Mentruyt,1900-05-02,6490,bibliotecamentruytespectaculos@gmail.com
2401,Bib.Pop. Vicente Longhi,1980-01-01,6490,bibliolonghi@hotmail.com
3668,Bib.Pop. Pablo Nogués,1998-06-13,6515,monbe3@hotmail.com
3303,Bib.Pop. Perito Moreno,1991-01-24,6539,
3999,Bib. Pop. Ricardo Guiraldes,2000-10-20,6539,info@bibliotecaguiraldes.com.ar
3315,Bib.Pop. Monte Hermoso,1980-01-01,6553,
4139,Bib.Pop. Vicky,2000-09-15,6560,
2324,Bib.Pop. Juan Manuel Giufra,1945-02-04,6560,bibliogiuffra@hotmail.com
3049,Bib.Pop.Pub. Rosario Vera Peñaloza,1971-07-29,6560,
3885,Bib. Pop. y Ctro. Cult. Almafuerte,1980-01-01,6574,biblioalma@yahoo.com.ar
3939,Bib.Pop. Sierra Chica,1999-12-13,6595,
213,Bib.Pop.Pub.Mun. Dr. Menéndez,1900-10-19,6623,bibliotecamenendez@yahoo.com.ar
4222,Bib.Pop. Sur,1988-01-08,6651,bibliotecapopularsur@yahoo.com.ar
1988,Mariano Moreno,1932-08-21,6658,
4156,Asoc.y Bib.Pop. Dr. Juan Martín Vilaseca,1980-01-01,6658,bibliotecajmvilaseca@gmail.com
4311,Bib.Pop. del Río de Quilmes,2011-12-07,6658,delriobiblioteca@yahoo.com.ar
2554,Bib.Pop. José Manuel Estrada,1951-08-11,6665,
3794,Bib.Pop. Carlos Angel González,1999-06-26,6665,
3790,Bib. Pop. de San Fernando Leopoldo Murcho,1980-01-01,6749,
4212,Bib.Pop. y Cen. Recr. El faro,1980-01-01,6760,bpelfaro@gmail.com
238,Bib.Pop. Juan Bautista Alberdi,1916-05-26,6791,bibliotecajbalberdi@yahoo.com.ar
2863,Bib.Pop. Juan José Castelli,1969-04-18,6805,
4352,Bib. Pop. Seamos Libres,2014-10-07,6805,bpseamoslibres@yahoo.com
3262,Bib.Pop. Gral. San Martín,1980-01-01,6819,bibliotecasaldungaray@gmail.com
4017,Bib.Pop. Luz y Cultura,1935-05-02,6833,biblioluzycultura@hotmail.com
4348,Bib.Pop. Hugo Delgiorgio,2006-07-08,6833,bibliotecahdelgiorgio@gmail.com
2275,Bib. Pop. Patria y labor,1944-01-02,6840,bibitalar@hotmail.com
2107,Bib.Pop. Bernardino Rivadavia,1939-09-29,6847,
1045,Bib.Pop. Manuel Lainez,1924-09-24,10035,
3660,Bib.Pop. Eulalia A. de Vildoza,1997-10-23,10049,
3469,Bib.Pop. Luis Leopoldo Franco,1980-01-01,10098,bibliotecapopularfranco@hotmail.com
3554,Bib.Mun.Pop. El motimo,1980-01-01,10112,
2967,Bib.Pop. Segundo N. Herrera,1980-01-01,10112,bibliotecapopularsumalao@hotmail.com
3310,Bib.Pop.Pub. Augusto Raúl Cortazar,1981-09-03,22039,biblpoparc@yahoo.com.ar
3325,Bib.Púb. Pop. Juan Bautista Alberdi,1940-11-10,22105,
3344,Asoc.Amig.Bib.Pop.Esc.Tec.Nº 5 Ing. Juan Col,1980-01-01,22105,biblioteca-eet5@hotmail.com
3492,Bib. Pub. Pop. Cervantes,1975-06-15,22112,bib_cervantes@yahoo.com.ar
3014,Bib.Pop. Ilda Nelly Yuspa,1982-03-01,22133,
992,Bib.Pub. Pop. Bartolomé E. Pisarello,1923-12-13,22140,bipisarello@yahoo.com.ar
2686,Bib.Pop.Tec. Gral. Manuel Belgrano,1925-05-22,22140,bibliotecabelgrano@gmail.com
3477,Bib.Pop.Pub. Juan Domingo Perón,1991-02-05,22140,bcaperon@yahoo.com.ar
3535,Bib. Esc. Pop. Padre A. de Barzana,1970-05-18,22140,bibliotecabarzana@hotmail.com
3564,Bib.Pub.Pop. Domingo Savio,1980-01-01,22140,
3670,Bib.Esc.Pop. D.F.Sarmiento,1980-01-01,22140,
3549,Bib.Pop.Pub. D.Capozzolo,1971-05-05,22154,domingocapozzolo@yahoo.es
3510,Bib.Pop. El porvenir,1980-01-01,26007,
4339,BIb. Pop. D. Raúl Alfonsín,2011-02-14,26007,bibliotecaraulalfonsinmadryn@hotmail.com
4306,Bib. pop. Auca Lihuen de Villa El Blanco,2011-04-30,26014,bpelblanco@hotmail.com
4249,Bib. Pop. Tolkeyén,2007-05-15,26035,bibliotecatolkeyen@yahoo.com.ar
3235,Bib.Pop. Asencio Abeijon,1991-04-12,26077,
1819,Bib.Pop. Agustín Alvarez,1934-07-08,26077,bpaatw@gmail.com
3080,Bib.Pop. Francisco Guerra,1984-09-21,26077,bibpopfcoguerra84@hotmail.com
3202,Bib.Pop. Raúl Scalabrini Ortíz,1991-04-15,26077,
3402,Bib.Pop. José de San Martín,1980-01-01,26098,
4341,Bib. Pop. 26 de julio,2010-10-01,2000,biblio.26dejulio@gmail.com
1375,Bib.Pop. Juan María Becciu,1915-10-01,2000,bibliotecabecciu@gmail.com
18,Bib.Pop. Helena Larroque de Roffo,1916-05-01,2000,asociacionroffo@yahoo.com.ar
25,Bib. Obrera Juan B. Justo,,2000,bibliotecaobrerajuanbjusto@gmail.com
3769,Bib.Pop. Dr. Manuel Belgrano,1998-11-07,14007,biblio.vgb@gmail.com
3645,Bib.Pop. Ricardo Rojas,1998-03-30,14007,bibliotecarojas@yahoo.com.ar
534,Bib.Pop. Vélez Sársfield,1909-05-11,14014,
1659,Bib.Pop. La Bicicleta,1932-05-18,14021,bibliotecapopularlabicicleta@gmail.com
547,Bib.Pop. D.F.Sarmiento,1912-07-12,14021,
4203,Bib.Pop. Cdr. Enrique Carlos Aragón King,1980-01-01,14021,bibliotecaragonking@yahoo.com.ar
4037,Bib. Pop. del Campillo,1984-05-14,14035,bpdelcampillo@delcampillocoop.com.ar
545,Bib.Pop. D.F.Sarmiento,1919-10-22,14035,b.sarmiento@hotmail.com
2162,Bib.Pop. D.F.Sarmiento,1938-09-11,14042,
3691,Bib.Pop. Luis Roberto Altamira,1997-05-24,14042,biblioteca_altamira@hotmail.com
3139,Bib.Pop. Club A.y Mut.Arg.,1980-01-01,14063,
1867,Bib.Pop. D.F.Sarmiento,1934-04-21,14091,bibliotecapopularsarmiento@yahoo.com.ar
2900,Bib.Pop. José Hernández,1972-04-28,14098,
3729,Bib.Pop. Alfonsina Storni,1980-01-01,14098,gracielavaia@hotmail.com
1647,Bib.Pop. D.F.Sarmiento,1932-01-26,14147,labpdealtagracia@gmail.com
4392,Garabatos del Valle de Anisacate,2022-07-19,14147,bpgarabatos@gmail.com
2737,Bib.Pop. Juan Bautista Alberdi,1947-09-17,14182,malambo_laborde@yahoo.com.ar
1837,Bib.Pop. Pascanas,1931-01-01,14182,atleticopascanas@yahoo.com.ar
2419,Bib. Pop. Mariano Moreno,1948-10-16,18091,
3438,Bib.Pop.Esc. Isabel S. A. de Aquino,1947-04-01,18105,
2171,Bib.Pop.Esc. Manuel Lainez,1936-04-07,18112,bibliotecalainez@hotmail.com
3285,Bib.Pop.Esc. Juan Bautista Alberdi,1916-06-30,18140,bp3285@bepe.ar
522,Bib.Pop. Gral. José de San Martín,1914-06-13,18161,
4077,Bib.Pop. Teresa de los Andes,2002-05-08,18077,
3778,Bib.Pop. D.F.Sarmiento,1980-01-01,30015,
4111,Bib.Pop. Caminantes,1980-01-01,30084,
364,Bib. Pop.Julian Monzon,,30091,bibliotecatala@gmail.com
383,Bib.Pop. Bartolomé Mitre,,30113,bpmitre0383@gmail.com
384,Bib.Pop. Primer Presidente Bernardino Rivadavia,,30113,
3433,Bib. Pop. Margarita Diez,1980-01-01,34014,bpmargaritadiez@hotmail.com
3516,Bib. Pop. Dr. Tirso Peña,1996-07-01,34049,
1198,Bib.Pop. Coronel Hilarion de la Quintana,1926-05-26,38056,silvio_valencia@hotmail.com
3503,Bib.Pop. Solidaridad,1996-02-03,38063,
3348,Bib.Pop.y C.Vecinal San Antonio de Padua,1993-07-20,38063,
4267,Bib.Pop. y C. Cult. Niños Pájaros,2000-10-14,38021,
772,Bib.Pop. La Unión Aspirante de Yavi,1911-08-31,38112,
3251,Bib.Pop. Profesor H. Eros D .N. Siri,1980-01-01,42007,bibliotecaerosiri@gmail.com
4345,Bib. Pop. Malvinas Argentinas,2014-09-23,42021,bpmalvinasargentinas@gmail.com
3722,Bib.Pop. Noemí Gavilán de Tarquini,1997-10-13,42028,ivaveroferrer@yahoo.com.ar
3382,Bib.Pop. Francisco Ceballos,1980-01-01,42056,
2316,Bib.Pop. Asoc.Ex-Alumnos Escuela Nº43 y Bib.Pop.,1946-09-17,42035,biblomn@yahoo.com.ar
3416,Bib. Pop. José Barbero,1994-08-01,42070,bibliojosebarbero@gmail.com
815,Bib.Pop. Bartolomé Mitre,1905-06-04,42098,bibliorica@yahoo.com.ar
1555,Bib.Pop. Almafuerte,1931-07-26,42105,almafuerte_1555@yahoo.com.ar
3531,Bib.Pop. Héctor Raúl Tardiani,1996-02-22,42119,
1477,Bib.Pop. Florentino Ameghino,1930-07-27,42126,bibliotecacaleufu@yahoo.com.ar
3171,Bib.Pop. Alberto Cortez,1979-02-20,42133,
3347,Bib.Pop.Esc. Escuela Nº 164,1980-01-01,42154,biblioacha@yahoo.com.ar
2687,Bib.Pop. Juan Ramirez de Velazco,1956-06-02,46014,
716,Bib.Pop. Joaquín V. González,1903-09-22,46042,biblioteca026@gmail.com
723,Bib.Pop. D.F.Sarmiento,1908-12-15,46063,
3993,Bib.Pop. Francisco Manino,1999-04-01,50049,
4310,Bib.Pop. Libros Abiertos para la sociedad,2008-06-30,50007,bplibrosabiertosmza@gmail.com
4271,Bib. Pop. General Gutiérrez,1998-01-05,50070,bibliotecagutierrez@gmail.com
692,Bib.Pop. Bernardino Rivadavia,1915-05-30,50084,bip692@hotmail.com
3750,Bib.Pop. Tres porteñas de San Martín,1980-01-01,50098,
3265,Bib.Pop. Manuel Belgrano,1992-11-19,50105,
4099,Bib.Pop. Manuel Belgrano de El Nihuil,1980-01-01,50105,
4278,Bib.Pop. Práxedes Garde de Arizu,2009-03-17,50105,
4018,Bib.Pop. Tomás Godoy Cruz,1980-01-01,50021,
3995,Asoc.Civ.Bib.Pop. José Hernández,2000-09-18,54014,
4329,Bib.Pop. San Martín,2012-09-10,54021,
793,Bib.Pop. Posadas,1913-12-13,54028,bibposadas@arnetbiz.com.ar
3602,Bib. Pop. José Ramos,1997-04-22,54028,
3777,Bib.Pop. San Miguel,1980-01-01,54028,
790,Asoc.Civ.Bib.Pop. Bartolome Mitre,1911-06-02,54035,
3544,Bib.Pop.Pub. Victoria Aguirre,1996-12-01,54063,
4079,Bib. Pop. Vamos a leer,2002-03-13,54091,bibleer@yahoo.com.ar
803,Bib.Pop. Patricias argentinas,1910-05-02,54098,
3260,Bib.Pop. Barrio Uriburu,1980-01-01,58042,
3103,Bib.Pop. Julio Cortázar,1980-01-01,58035,bpjcortazar@yahoo.com.ar
3134,Bib.Pop. Amaranto Suarez,1980-01-01,58035,
3319,Bib.Pop. Escritores Neuquinos,1994-09-23,58035,bpescritoresneuquinos@gmail.com
3646,Bib.Pop. Gran Neuquén,1997-02-05,58035,bib.granneuquen@hotmail..com
4113,Bib.Pop. Libertador General José de San Martín,2001-12-13,58035,bgsmartin@hotmail.com
4237,Bib. Pop. Salomón,2003-03-01,58035,bibliotecapopularsalomon@hotmail.com
3087,Bib.Pop. Mariano Moreno,1980-01-01,58077,
827,Bib.Pop. Elordi,1916-05-12,58112,
4235,Bib. Pop. Pablo Neruda,2004-04-09,62007,bibliotecapabloneruda@live.com.ar
3206,Bib.Pop. Coronel Belisle,1980-01-01,62014,
4023,Bib. Pop. Ruca Quimn,1999-04-24,62021,aliciainchauspe@bariloche.com.ar
4201,Bib. Pop. Quimun,1980-01-01,62035,
3151,Bib.Pop. Felisa P. de Porcel,1970-03-26,62042,
2603,Bib.Pop. Carlos Guido Spano,1932-09-15,62042,biblio5saltos@hotmail.com
3107,Bib.Pop. Dr. José Velasco,1965-08-11,62042,
3388,Bib.Pop. Casa de Amigos,1994-12-21,62042,
2891,Bib.Pop. Ricardo Rojas,1971-06-20,62042,BPRICARDOROJAS@HOTMAIL.COM
3704,Bib.Pop. Dr. Miguel Ragone,1980-01-01,66028,
3734,Bib.Pop. San Martín de Porres,1997-09-17,66028,biposamposal@hotmail.com
3942,Bib.Pop. Pablo Neruda,1996-09-17,66028,
4092,Bib.Pop. Lola Mora,2003-05-30,66028,
760,Bib.Pop. Marco M. de Avellaneda,1916-09-23,66112,
4048,Bib.Pop. Rosa Gareca de Moreno,1980-01-01,66126,
753,Bib.Pop. D.F.Sarmiento,,66140,
4035,Bib.Pop. Maestro Manuel Mirabal,2001-07-26,66133,bipmirabal@hotmail.com
3745,Bib.Pop. Santa Victoria,1980-01-01,66161,bpsantavictoria@gmail.com 
3733,Bib.Pop. Marina Vilte,1980-01-01,70028,marina_vilte@hotmail.com
11,Bib.Pop. Juan Páez Garramuno,1980-01-01,70049,
3998,Bib. Pop. La sociedad de los patriotas nóveles,1980-01-01,70077,Bibliotecapop7@gmail.com
2152,Bib.Pop. Juan Rómulo Fernández,1940-08-16,70084,bibliotecajuanromulofernandez@hotmail.com
3112,Bib.Pop. Presbítero J. E. Briggiler,1988-08-29,70091,bibjulioeliasbriggiler@yahoo.com.ar
4027,Bib.Pop. Virgen del Carmen,1997-03-25,70028,
603,Bib.Pop. Dora Ochoa de Masramon,1916-05-25,74028,mario_saulsosa@hotmail.com
601,Bib.Pop.Mun. Juan Bautista Alberdi,1980-01-01,74035,
3284,Bib.Pop. La casita de cuentos,1980-01-01,74049,micaelabeatriz@hotmail.com
3397,Bib.Pop. Lugones en Piedra Blanca,1980-01-01,74049,
4369,Bib.Pop. El Faro,2017-02-18,74049,bibliotecapopular.elfaro@gmail.com
3399,Bib.Pop. Urbano J. Nuñez,1988-02-26,74056,
3242,Bib.Pop. Elsa I. Bornemann,1993-10-13,74056,bibliobornemann@gmail.com
3488,Bib.Pop. Dos Venados,1995-11-03,74056,
3367,Bib.Pop.Mun. Mariano Moreno,1980-01-01,78014,
3500,Bib.Pub.Mun.Pop. Aime Paine,1980-01-01,78014,biblioaimepaine@hotmail.com
3556,Bib.Pop.Esc. Libre pensamiento,1996-02-22,78049,
4361,Bib. Pop. Villa Minetti,2014-10-01,82077,
2951,Bib.Pop. José Hernández,1976-01-20,82007,bibliotecajhernandez@arnet.com.ar
2722,Bib.Pop. Ricardo Rojas,1957-10-14,82021,
1654,Bib.Pop. Mariano Moreno,1931-09-27,82021,
4045,Bib.Pop. Rincón del Medio,2000-10-12,82028,
3447,Bib. Pop. D. F. Sarmiento,1963-07-05,82014,bpsarmiento1963@gmail.com
2182,Bib.Pop. Bernardino Rivadavia,1943-03-31,82028,
3603,Bib.Esc.Pop. Laura Roldan,1996-01-16,82049,
426,Bib.Pop. Del Centro Soc.Cosmopolita,1922-03-16,82049,biblioteca@malabrigo.com
1014,Bib.Pop.Mun. Gral. Obligado,1921-03-13,82049,
2883,Bib.Pop. Alfonsina Storni,1970-06-08,82056,biblioastorni@yahoo.com.ar
1145,Bib.Pop.Inf. Pablo A. Pizzurno,1924-07-19,82056,
2444,Bib. Pop. Centro Español,1943-12-08,82063,centro.espaniolbp.santafe@gmail.com
4302,Bib.Pop. Santafesina,2009-03-02,82063,bibliotecapopularsantafesina@hotmail.com
4391,De Las orillas,2022-06-21,82063,
2885,Bib.Pop. Dr. Ricardo D. G. Alcacer,1969-03-15,82070,jbalberdi@educ.ar
1144,Bib. Pop. Mariano Moreno,1926-04-10,82070,bibliopopular@hotmail.com
4379,"Bib. Pop. ""Ángela Peralta Pino""",2018-11-08,82070,bibpop.angelaperaltapino@hotmail.com
1265,Bib.Pop.Inf. 25 de Mayo,1980-01-01,82084,biblioteca25demayo@gmail.com
416,Bib.Pop. Mariano Moreno,1919-06-08,82084,
440,Bib.Pop. Escuela de la A.de Muj.de Ros.,,82084,
1093,Bib.Pop.Pub. Aristóbulo del Valle,1925-01-01,82084,bibaristobulo@yahoo.com.ar
2004,Bib.Pop. Juan Bautista Alberdi,1935-05-25,82084,bibliotecaalberdi@hotmail.com
906,Bib.Pop. de Barrancas,1922-02-20,82105,
1119,Bib.Pop. Juan Bautista Alberdi,1924-08-05,82126,bibliotecacdarosquin@velosat.com.ar
3365,Bib.Pop. Domingo Piccolo,2005-06-22,82126,bibliopiccolo@eltrebol.gov.ar
3013,Bib.Pop. de Landeta,1979-09-18,82126,bibliotecapopulardelandeta@gmail.com
2946,Bib.Pop. Carlos Jewell,1975-09-04,82126,
876,Bib.Pop. Gral. José de San Martín,1919-06-02,82126,bipsm@sme.com.ar
4044,Bib.Pop. Martín Fierro,1980-01-01,82063,
3975,Bib.Pop. de Campo Gallo,1997-09-16,86014,
2763,Bib.Pop. Conrado Juarez,1940-06-15,86035,bibliotecapopularconradojuarez@hotmail.com
3274,Bib.Pop. San Martín,1994-05-31,86035,bpsanmartinlabanda@hotmail.com.ar
2262,Bib.Pop. Francisca Jacques,1942-06-08,86049,
3428,Bib.Pop. Segundo M. Arce,1980-01-01,86049,
3533,Bib.Pop. M. E. R. Vargas de Basualdo,1980-01-01,86049,
4225,Bib.Pop. Mariano Moreno,1980-01-01,86049,
616,Bib.Pop. D.F.Sarmiento,1908-10-11,86063,
3335,Bib.Pop. Sumampa,1992-10-27,86140,
2854,Bib.Pop. Ricardo Rojas,1964-11-27,86147,
1489,Bib.Pop. Miguel Lillo,1929-02-02,90084,
2130,Bib.Pop. Gral. Belgrano,1935-06-09,90084,
4333,BIb. Pop. Osvaldo Bayer,2011-11-08,90084,bpob.osvaldobayer@gmail.com
3539,Bib.Pop. Leopoldo Lugones,1988-05-05,90014,biblugones@hotmail.com
640,Bib.Pop. La Madrid,1921-10-12,90035,
1799,Bib.Pop. Carlos N. Vergara,1929-06-02,90070,bpcnv@yahoo.com.ar
634,Bib.Pop. Ricardo Rojas,1911-02-10,90077,
3077,Bib.Pop. Alfonsina Storni Los Sarmientos,1972-02-20,90077,
3291,Bib.Pop. Amado Juarez,1909-04-01,90098,
938,Comité Cultural y Biblioteca Juan Francisco Ibarra,1922-10-02,6854,
200,Bib.Pop. Anastasio Prieto,1980-01-01,6588,
1554,Bib.Pop. Andrés Vaccarezza,1925-01-01,6021,eleana_1983@hotmail.com
4260,Bib.Pop. Fray Luis Beltrán,2007-11-16,6028,neanvi@yahoo.com.ar
3824,Bib.Pub.Mun.Pop. de Avellaneda,1919-12-22,6035,bpmavellaneda@hotmail.com
4136,Bib.Pop. Maestro Alfredo Bravo,1980-01-01,6035,bibliotecabravo@yahoo.com.ar
3051,Soc.Fom. U. de Dom. y Bib.Pop. Nicolás Avellaneda,1985-09-13,6035,bnicolasavellaneda@yahoo.com.ar
100,Bib.Pop. Bernardino Rivadavia,,6056,abrbp@abrbp.org.ar
4256,BIb. Pop. Martín Allica,2006-04-24,6056,bibliotecamartinallica@yahoo.com.ar
2688,Bib.Pop.Mun. Teniente Gral. Bme. Mitre,1939-04-22,6077,bibmitre@yahoo.com.ar
1280,Bib.Pop. Manuel Belgrano,1924-08-04,6091,bpmbelgrano@hotmail.com
3046,Bib.Pop. Padre Carlos Mugica,1986-11-04,6091,bibliotecapadremugica@hotmail.com
3692,Bib.Pop. Presbítero Pascual Ruberto,1995-06-10,6098,pascualruberto@hotmail.com
1769,Bib.Pop. D.F.Sarmiento,1933-07-21,6105,bpurdampilleta@yahoo.com.ar
3749,Bib.Pop. Florencio López,1997-07-31,6112,
4289,Bib.Pop. El Libro Alegre,2009-02-28,6147,biblioellibroalegre@hotmail.com.ar
222,Bib.Pop. Guillermo Rawson,1920-01-01,6210,
3189,Bib.Pub. San José Obrero,1986-02-13,6218,biblioteka_jso@yahoo.com
2225,Bib.Pop. Pringles,1932-07-10,6196,
3894,Asoc.Bib.Pop.Púb.Esc. Dr. Baldomero Fernández Moreno,1969-09-27,6203,bibliotecapopularhuanguelen@gmail.com
1770,Bib.Pop. Juan Bautista Alberdi,1933-02-19,6182,bibjbalberdi@gmail.com
167,Bib.Pop. Mariano Moreno,1917-07-22,6245,
3647,Bib.Pub.Pop.Mun. B. Fernández Moreno,1957-04-02,6245,
2843,Bib.Pop. Florentino Ameghino,1964-05-24,6260,bibliotecaameghino@gmail.com
3452,Biblioteca Popular El Principito,1980-01-01,6260,
4051,Bib.Pop. Santo Tomás de Aquino,1980-01-01,6274,bibliostomas@yahoo.com.ar
131,Bib.Pop. Florencio Balcarce,1915-04-29,6287,bibliofbalcarce@yahoo.com.ar
3292,Bib.Pop.Pub.Mun. General Lavalle,1974-05-01,6336,bibliotecaglavalle@hotmail.com
3836,Bib.Pop. Juan Domingo Perón,1980-01-01,6357,
3925,Bib.Pop. Angela A.B. de Abraham,2000-08-20,6399,
1248,Bib.Pop. Almafuerte,1922-06-14,6406,bibliopopalmafuerte@yahoo.com.ar
139,Bib.Pop. Olegario V. Andrade,1909-05-27,6413,
1412,Bib.Pop. Pedro Aguilera,1928-10-05,6413,
2585,Bib.Pop. Florentino Ameghino,1936-09-26,6441,bibliofameghino@yahoo.com.ar
2498,Bib.Pop. Mario L. Sureda,1947-09-21,6441,
3877,Asoc.Cult.Bib.Pop. Vida y Lucha de Elizalde,1993-08-23,6441,biblioteca_elizalde@yahoo.com.ar
3954,Casa del Tango y Bib.Pop. Carlos Gardel,1980-01-01,6441,casadeltango_lp@hotmail.com.ar
4171,Cent.Cu. Y Bib.Pop. Enlazando palabras,1980-01-01,6441,ongenlazandopalabras@hotmail.com
1232,Bib.Pop. José Ingenieros,1926-08-06,6469,
4008,Bib.Pop. San Juan,2000-08-16,6490,bibliotecapopular_sanjuan@hotmail.com
4151,La esperanza del Callao y Biblioteca Popular,1980-01-01,6515,
4241,Bib.Pop. José Ma. Viglietti,1977-10-05,6518,bibliotecadepiran@yahoo.com.ar
3805,Asociación Cooperadora de la Biblioteca José Manuel Estrada de Abbott,1980-01-01,6547,
2804,Bib.Pop. Ciudad de Paso del Rey,1958-08-06,6560,bibliopop.pasodelrey@hotmail.es
3901,Asoc.y Bib.Pop. Juan Salvador Gaviota,1997-01-27,6568,biblioteca_jsgaviota@hotmail.com
195,Bib.Pop.Pub. José R. de Erenchun,1907-04-14,6574,biberenchu@copesnet.com.ar
3889,Bib.Pop. 1 de Mayo,1980-01-01,6595,
215,Bib.Pop. Bernardino Rivadavia,1910-06-11,6609,bibrivadavia@gmail.com
4250,Bib. Pop. Javier Velázquez,2007-05-15,6638,marianoadot6@yahoo.com.ar
4366,Bib.Pop. y Casa de la Cult. Estación Manzanares,2001-09-05,6638,bibliotecamanzanares@hotmail.com
2788,Bib.Pop. Pedro Goyena,1959-08-15,6658,bibliotecapopularpedrogoyena@yahoo.com.ar
233,Bib.Pop. Dr. Tristán G. Lobos,1901-09-14,6714,
3403,Bib.Pop. D.F.Sarmiento,1980-01-01,6742,
223,Bib.Pop. Juan M. de Pueyrredón,,6756,
287,Bib.Pop. Gral. San Martín,1914-10-04,6371,bibliopopsanmartin2001@yahoo.com.ar
4178,Bib.Pop. Profesor Carlos Serraz,1980-01-01,6371,humbertobielli@hotmail.com
3728,Bib.Esc.Pop. Fray Mocho,1980-01-01,6371,
125,Bib.Pop.Mun. D.F.Sarmiento,1913-06-13,6760,bibliotecadfs@hotmail.com
4116,Bib. Pop. Barrio del Carmen,2000-07-07,6763,bibdelcarmen709@gmail.com
3001,Biblioteca Popular Sarmiento- Villa Italia- Tandil,1980-01-01,6791,bibliotecasarmiento1940@yahoo.com.ar
3010,Bib.Pop. Ernesto Valor,1978-09-20,6791,biblioteca_valor@hotmail.com
3945,Bib.Pop. Monseñor Luis J. Actis,1995-11-17,6791,
4230,Bib. Pop. Martín Fierro,1980-01-01,6791,
3318,Bib.Pop.y C.Cult. El talar,1992-05-20,6805,bibliotecaeltalar@yahoo.com.ar
3296,Bib.Pop. Mariano Moreno,1993-10-18,6819,labibliomoreno@gmail.com
2405,Bib.Pop. Bartolomé Mitre,1937-01-01,6826,
1388,Bib.Pop. José Ingenieros,1930-05-10,6833,marialemorcillo@gmail.com
3830,Bib.Pop. Bernardo Delom,1958-07-15,6861,bibliotecapopularbdelom@yahoo.com.ar
3871,Bib.Pop. Juventudes Ambateñas,1980-01-01,10007,
3747,Bib. Pop. Julio Ricardo Figueroa,1980-01-01,10035,
730,Bib.Pop. D.F.Sarmiento,1980-01-01,10042,bibliochum@yahoo.com.ar
3655,Bib.Pop. E. H. Mateo de Barros,1980-01-01,10049,
3471,Bib.Pop. Pbro. Ramón Rosa Barros,1992-10-19,10084,
3577,Bib.Pop. Pedro Salomon Chade,1980-01-01,10112,
3393,Bib.Pub. Pop. Elba Ezquer de Quevedo,1960-05-25,22036,
3409,Bib.Pop.Esc. Constancio C.Vigil,1974-05-13,22105,bibliovigil21@gmail.com
3507,Bib.Esc.Pop. Prof. Hugo D .Iglesia,1991-08-28,22105,fanischlegel@hotmail.com
3465,Bib. Pop. Pub. Juan M. de Pueyrredón,1966-08-17,22028,bibliotecapueyrredon@gmail.com
3671,Bib.Esc.Pop. Pedro Miguel Obligado,1980-04-24,22028,
3456,Bib. Pub. Pop.  Jaime Homar,1980-01-01,22056,bcajaimehomar@yahoo.com.ar
3675,Bib.Esc.Pop. Prim. Nº 555 D. M. Sarmiento,1980-01-01,22084,
3458,Bib.Pop.Esc. Asoc. A. J. L. Borges,1976-09-24,22098,anexo@vai.com.ar
2185,Bib.Pub. Pop. Dr. José Ingenieros,1943-06-06,22147,biblioteca113@yahoo.com.ar
3632,Bib.Pop. Barrio Progreso,1980-01-01,26077,bibloprogreso4@hotmail.com
3685,Bib.Pop. Manuel Porcel de Peralta,1992-12-20,26077,
3835,Bib.Pop. Kim Hue,1996-04-08,26077,bpkim-hue@hotmail.com
4033,Asoc. Bib. Pub. Pop. Y Mun Asencio Abeijón,1980-01-01,26021,
3584,Bib.Pop. Narlu Owen,1980-01-01,26105,
4266,Bib. Pop. La Memoria de Nuestro Pueblo,2005-12-22,2000,bplamemoria@gmail.com
2916,Bib.Pop. Universidad Popular de Belgrano Alfredo Fazio y Bi,1941-12-23,2000,bibazarolagil@hotmail.com
4207,Cen. Cult. y Bib. Pop. Carlos Sanchez Viamonte,1980-01-01,2000,carlossanchezviamonte@yahoo.com.ar
3904,Bib.Pop. Rvdo. Félix Enrique,2000-08-29,14007,bibliopopularf.enrique@hotmail.com
4346,Bib. Pop. Restituta Albarracín de González,2011-08-20,14007,bibliotecapopularlosreartes@gmail.com
870,Bib.Pop. Alberdi,1911-09-11,14014,biblialberdi@yahoo.com.ar
3905,Bib. Pop. Mi jardín,1990-08-17,14014,bibpopmijardin@gmail.com
4309,Bib.Pop. Madre Teresa de Calcuta de Bo. Parque Lic,2007-12-11,14014,bibliopopmadretc@yahoo.com.ar
4285,Bib.Pop. Alfredo Terzaga,2009-07-20,14091,
3772,Bib.Pub.Mun.Pop. Nuestra Señora de Luján,1998-06-22,14035,
2406,Bib. Pop. Mun. Mariano Moreno,1942-12-19,14042,biblioteca.marianomoreno@villamaria.gob.ar
2884,Bib.Pop. Teresita Lucchini,1967-05-06,14063,
1758,Bib.Pop. Juan Benitz,1917-10-07,14063,juanbenitzbiblioteca@gmail.com
2978,Bib.Pop. José H. Porto,1949-01-16,14091,
3011,Bib.Pop. La Asunción de María,1966-12-10,14098,biblioasuncion@hotmail.com
588,Bib.Pop. D.F.Sarmiento,1915-07-09,14098,bibliosarmiento1915@yahoo.com.ar
2925,Bib.Pop. F. Antonio Rizzuto,1972-10-21,14112,
3702,Bib.Pop. Profesor Américo Pablo Tissera,1980-01-01,14119,
864,Bib.Pop. Villa del Rosario,1980-01-01,14119,
560,Bib.Pop. Centro cultural y Bib.Pop.,1926-08-05,14140,bibliotecapopularycc@gmail.com
2426,Bib.Pop. Manuel Lainez,1940-10-10,14140,
3044,Bib.Pop.Pub.Mun. Dr. Modestino J. Lescano,1980-06-20,14140,
4362,Bib. Pop. La Urdimbre,2016-05-27,14147,bplaurdimbre@gmail.com
4218,Bib.Pop. Morrison,1980-01-01,14182,m10ruben@hotmail.com
2203,Bib.Pop. Manuel Belgrano Y Asoc.Cult.El retoño,1943-06-20,14182,biblio_we@hotmail.com
492,Bib.Pop. D.F.Sarmiento,1901-04-18,18007,
3346,Bib.Pop. Fray Luis de Bolaños,1980-01-01,18021,
3826,Bib.Pop. Rincón del milenium,1980-01-01,18021,
504,Bib.Pop. Bernardino Rivadavia,1980-01-01,18063,
1530,Bib.Pop. Domingo F. Sarmiento,1909-11-01,18105,bibliotecasarmientomercedes@gmail.com
3757,Bib.Pop. San Cosme,1998-05-16,18133,bipsancosme@gmail.com
392,Bib.Pop. Amelia Podesta de Gorostiaga,1917-05-13,30015,
3608,Bib.Pop.Genuina Leandro Alem,1986-12-28,30077,biblio.l.alem@hotmail.com
4000,Bib.Pop. y Costurero Laura Vicuña,2000-02-06,30084,
4013,Bib.Pop. Colibrí,1980-01-01,30084,
4297,Bib. Pop. Teresita Yugdar,2006-11-02,30084,
4146,Bib. Pop. Julián Herrera,1980-01-01,30098,bibliojherrera@yahoo.com.ar
4359,Bib. Pop. San Justo,2000-12-27,30098,bibliotecapopularsanjusto@hotmail.com
3842,Bib.Pop. La esperanza,1998-05-13,34014,
3314,Bib.Pop. Escritores Formoseños,1994-09-30,34035,bipopesfo@hotmail.com
3269,Bib.Pop. Julio Cortázar,1993-04-30,34049,
3627,Asoc.de Amigos Bib.Mun. y Pop. Carlos Juárez,1996-11-28,38014,
3895,Bib.Pop. Coronel Manuel E. Arias,1980-01-01,38028,
3185,Bib.Pop. José Ingenieros,1980-01-01,38035,
3682,Bib.Pop. San Francisco de Asís,1980-01-01,38063,
3275,Bib.Pop. José Hernández,1993-06-28,38070,
2137,Bib.Pop. Bernardino Rivadavia,1980-01-01,42007,bibliotecariglos@yahoo.com.ar
2259,Bib.Pop. Almafuerte,1945-08-01,42070,guatrachebpalmafuerte@gmail.com
3874,Bib.Pop. de Abramo,1980-01-01,42077,bibabramo@hotmail.com
2803,Bib.Pop. Joaquín V. González,1958-10-12,42105,bibliotecajvg@yahoo.com.ar
1766,Bib.Pop. D.F.Sarmiento,1932-10-20,42126,bibrancul452@hotmail.com
916,Bib.Pop. D.F.Sarmiento,1920-07-09,42133,margaretsos@hotmail.com
1556,Bib.Pop. Pedro Arata,1931-08-16,42147,biblioarata@yahoo.com.ar
2647,Bib.Pop. Juan B. Justo,1926-08-30,42147,bibliotecatrenel@yahoo.com.ar
901,Bib.Pop. Florentino Ameghino,1922-02-22,42154,biflora.me@hotmail.com
4103,Bib.Pop. PABLITO GONZALEZ,2002-04-16,50021,
3266,Bib.Pop. Escritores Alvearenses,1994-01-10,50014,bibescritoresalvearenses@gmail.com
3486,Bib. Pop. Mirta Vivante,1995-08-02,50049,bibliotecapmvivante@yahoo.com.ar
1256,Bib.Pop. Tomás Godoy Cruz,1926-08-29,50056,bibliotecatomasgcruzcosta@hotmail.com
3498,Bib.Pop. Tres de Mayo,1980-01-01,50056,
3329,Bib.Pop. Dolina Salas,1980-01-01,50105,
1576,Bib.Pop. Cultura,1932-06-19,50105,bibpop1576@yahoo.com.ar
3212,Bib.Pop. Derly R. Calderón,1992-08-12,50105,bpderly@yahoo.com.ar
2939,Bib.Pop. El palomar del R.C.de V.URQ.,1975-05-03,54028,
3421,Bib.Pop. Granadero Chepoya,1994-03-09,54028,bibliotecapopularchepoya@gmail.com
3217,Bib.Pop.Esc. Miguel A. Camino,1980-01-01,58007,
4160,Bib.Pop. Quintú C´Me Raquizuam (Buscando Buenos Pensamientos),1980-01-01,58021,bibliotecaquintu@yahoo.com.ar
3091,Bib.Pop. Cuenca del Curi Leuvu,1980-01-01,58042,
3145,Bib.Pop. Gob. Angel Edelman,1980-01-01,58035,bibliotecaedelman@yahoo.com.ar
3146,Bib.Pop. Homero Manzi,1980-01-01,58035,
4296,Bib.Pop. Espacio de Libertad,1980-01-01,58035,bibliopopespaciodelibertad@yahoo.com.ar
4273,BIb. Pop. La Cascada,2006-01-23,58056,
3619,Bib.Pop. Presbítero Raúl Entraigas,1980-01-01,62091,
4130,Bib.Pop.Pub.Mun. J. B. Campastro,1980-01-01,62007,
830,Bib.Pop. Bartolomé Mitre,1906-01-31,62007,biblioteca.mitre@yahoo.com.ar
967,Bib.Pop. El arte es realidad,1980-01-01,62014,elarteesrealidad@yahoo.com.ar
3224,Bib.Pop. Dr. Venzano,1980-01-01,62021,
2114,Bib.Pop. Julio A. Roca,1936-04-29,62042,bibliotecapopularroca@gmail.com
4149,Bib. Pop. Lucía Epullan,1980-01-01,62042,bibliopopluciaepullan@yahoo.com.ar
4261,Bib.Pop. Julio Cortázar,2004-05-01,62042,bibliotecapopjuliocortazar@hotmail.com
3083,Bib.Pop. Ceferino Namuncura,1960-05-22,62084,bibliotecaceferino@yahoo.com.ar
3372,Bib.Pop. Padre José Lally,1992-10-20,66007,
4112,Bib.Pop. Los hermanos Luna,2002-08-16,66028,
3708,Bib.Pop. Dr. Mariano Boedo,1995-07-19,66028,
3746,Bib.Pop. Jorge Luis Borges,1996-10-23,66028,
4108,Bib.Pop. Dr. Gustavo Cuchi Leguizamón,2004-02-03,66028,
4317,Bib. Pop. Marie Madeleine,2008-04-05,66028,bibliotecamariemadeleine@gmail.com
2574,Bib.Pop. Bernardino Rivadavia,1944-09-24,66049,
3759,Bib.Pop. José Hernández,1998-10-09,66056,bibaguaray@hotmail.com
4062,Bib.Pop. Roberto Romero,1980-01-01,66077,
3695,Bib.Pop. José Manuel Estrada,1980-01-01,66105,
704,Bib.Pop. Sociedad Franklin,,70028,
1887,Bib.Pop. Juan Bautista Alberdi,1935-11-24,70028,
3213,Bib.Pop. Américas,1956-03-09,70028,asic_americas@yahoo.com.ar
3521,Bib.Pop. 10 de Octubre,1996-10-16,70028,
2620,Bib.Pop. Las Flores,1954-04-01,70049,biblpoplasflores2620@yahoo.com.ar
1729,Bib.Pop. Dr. Antonino Aberastain,1932-10-10,70070,
3108,Bib.Pop. Cervantes,1935-08-16,70077,cervantesbiblioteca98@gmail.com
709,Bib.Pop. General San Martín,1916-03-20,70091,
4279,Bib.Pop. Mario Washington Victorio,2003-09-14,70028,bpmariowvictorio@gmail.com
714,Bib. POp. Domingo Faustino Sarmiento,,70119,bibliovallefertil@hotmail.com 
596,Bib.Pop. Sarmiento,1910-09-11,74007,
599,Bib.Pop. Juan de Dios Escobar,1910-10-30,74007,
3357,Bib.Pop.Mun. Serranías de V. Larca,1980-01-01,74028,
3412,Bib.Pop.Mun. Almafuerte,1980-01-01,74042,
1001,Bib.Pop.Pub. Juan Hilarion Lenzi,1959-09-13,78021,
3142,Bib.Pop. Flora R. de Lofredo,1980-01-01,78021,
3524,Bib.Pop. Ciudad del nombre de Jesús,1994-04-23,78021,
3567,Bib.Esc.Pop. Sur Argentino,1996-05-14,78049,
3986,Bib. Pop. Mariano Moreno,1925-12-27,82021,bp.mm@hotmail.com
1319,Bib.Pop. D.F.Sarmiento,1928-07-01,82042,
488,Bib.Pop. Bernardino Rivadavia,1917-08-26,82042,bibliopopular488@hotmail.com
1024,Bib.Pop. Manuel Lainez,1924-07-09,82042,
2831,Bib.Pop. D.F.Sarmiento,1943-09-13,82056,bibliosarmientoadeo@hotmail.com
973,Bib.Pop. D.F.Sarmiento,1920-04-18,82056,amigosdelabibliotecasarmiento@gmail.com
463,Bib.Pop. Domingo Guzmán Silva,1918-07-20,82063,dgsilva23@hotmail.com
1016,Bib.Pop.Ped. D.F.Sarmiento,1915-05-24,82063,bibpop@santafe-conicet.gov.ar
4276,Bib.Pop. Elena Verón,2006-09-23,82063,
4308,Bib.Pop. Juglares sin Fronteras,2010-06-24,82063,juglaressinfrontera@gmail.com
4206,Bib. Pop. Walter Gunziger,1980-01-01,82070,bibliotecagunziger@hotmail.com
2110,Bib.Pop. D.F.Sarmiento,1942-02-19,82070,
1800,Bib. Pop. Nº 1800 José Malet,1932-02-28,82084,bibliotecajmalet@gmail.com
4220,Bib.Pop.Julio Migno de Ibarlucea,2007-12-06,82084,bibliotecajuliomigno@hotmail.com
483,Bib.Pop. Estímulo al estudio,1911-01-06,82084,bibpopee@yahoo.com.ar
1063,Bib.Pop. Libertad,1922-04-05,82084,
2094,Bib.Pop. Dr. A. Franzini Herrera,1928-12-09,82084,bibpopfherrera@yahoo.com.ar
2876,Bib.Pop. Alvaro Flores Estrada - Ctro Asturiano,1904-11-01,82084,
3948,Bib.Pop.  Alas,2000-03-27,82091,biblioalas@vtcc.com.ar
4157,Bib.Pop. Compartir,1980-01-01,82098,compartir-08@hotmail.com
4038,Bib.Pop. Julio Migno,1983-11-07,82098,bibliojmigno@yahoo.com.ar
4356,Bib. Pop. Los Libros y el Río,2014-06-17,82105,bibliotecap_loslibrosyelrio@outlook.com.ar
476,Bib.Pop. Dr. Pedro S. Alcacer,1919-10-19,82105,biblalcacer@hotmail.com
1135,Bib.Pop. Florentino Ameghino,1922-07-15,82112,
3570,Bib.Pub.Mun.Pop. Dr. Lisandro de la Torre,1977-10-10,82119,bibcb@hotmail.com
1152,Bib.Pop. Sarmiento,1917-09-30,82119,bibliotecasarmiento@arnet.com.ar
473,Bib.Pop. José Mármol,1917-12-17,82126,bibliomarmol@live.com
985,Bib.Pop. Bartolomé Mitre,1924-05-25,82126,bmitre24@yahoo.com.ar
2631,Bib.Pop. Bartolomé Mitre,1932-07-15,82126,
1395,Bib.Pop. Rivadavia,1929-05-01,82126,
1838,Bib.Pop. Juan Bautista Alberdi,1934-08-19,82126,bpsme@sme.com.ar
3390,Bib.Pop. Tanino,1995-05-23,82133,bptanino@csdnet.com.ar
3379,Bib.Pop. de Margarita,1994-12-02,82133,biblioteca@cosemar.com.ar
4231,"Bib. Pop. Tartagal, mi pueblo",2007-11-16,82133,
2456,Bib.Pop. Narciso Laprida,1946-08-04,86035,
3174,Bib.Pop. Domingo A. Bravo,1987-08-17,86035,bibliotecadbravo@hotmail.com
3192,Bib.Pop. Luis O. Orieta,1992-07-19,86035,
3827,Bib.Pop. Río dulce,1980-01-01,86035,bibpopriodulce@hotmail.com
1204,Bib.Pop. Agustín Alvarez,1926-11-15,86049,bpaalvarez@hotmail.com
3920,Bib.Pop. Dr. Orestes di Lullo,1980-01-01,86049,
4067,Bib.Pop. Andrés Chazarreta,2001-06-22,86049,
4358,Bib.Pop. Shunko,2003-11-21,86049,bibliotecashun.16@gmail.com
4190,Bib.Pop. Juan Carlos Infante del Castaño,1980-01-01,86063,
612,Bib.Pop. Almafuerte,1919-10-12,86077,pedrourquizanqn@hotmail.com
4253,Bib. Pop. Mariano Moreno,2009-06-11,86091,bpmarianomorenoph@gmail.com
1863,Bib.Pop. D.F.Sarmiento,1980-01-01,86147,
1497,Bib.Pop. Mariano Moreno,1917-10-06,86147,juanaro66@hotmail.com
2108,Bib.Pop. Almafuerte,1917-12-07,86161,
2597,Bib.Pop. Eduardo Schmidt (h,1953-04-08,94007,bibliotecaeduardoschmidt@hotmail.com.ar
2260,Bib.Pop. Almafuerte,1917-08-30,90056,
2814,Bib.Pop. Manuel Lizondo Borda,1959-11-04,90105,
1062,Bib.Pub. Bernardino Rivadavia,1925-05-10,6014,bipobrchaves@yahoo.com.ar
2870,Bib.Pop. Pablo Rojas Paz,1969-03-22,6028,bibliorojaspaz@gmail.com
2296,Bib.Pop. Bartolomé Mitre,1932-03-01,6035,bibpopularmitre@yahoo.com.ar
3561,Bib.Pop. Alfredo Palacios,1996-05-07,6035,bipopalacios@yahoo.com.ar
3908,Bib.Pop. Dock Sud,1998-04-24,6035,bibliotecapopulardocksud@gmail.com
4265,Bib. Pop. Oscar Smith,2008-07-09,6035,bibliotecapopularoscarsmith@yahoo.com
111,Bib.Pop. Almafuerte,1918-05-26,6049,
3392,Bib.Pop. Pajarita de papel,1980-01-01,6056,
4155,Bib. Pop. Villa Duprat,1980-01-01,6056,biblioduprat@gmail.com
2841,Asoc. José Hernández,1966-11-10,6056,
3132,Bib.Pop. Ing. Domingo Pronsato,1989-12-29,6056,bibliotecapronsato@yahoo.com.ar
93,Bib.Pop. Bernardino Rivadavia,1911-12-15,6105,bib_rivadavia@yahoo.com.ar
1266,Bib.Pop. D.F.Sarmiento,1927-07-01,6134,bibliotecapopulardfsarmiento@hotmail.com
258,Bib.Pop. Bernardino Rivadavia,1920-09-26,6154,sanjose@servicoopsa.com.ar
1620,Bib.Pop. Gral. José de San Martín,1932-06-18,6245,
3158,Bib.Pop. Almafuerte,1985-03-31,6274,almafuertebib@yahoo.com.ar
3891,Bib. Pop. Dr. Florencio Varela,1999-08-30,6274,
4242,Asoc. Cult. y Bib. Pop. Dr. Ernesto de Muro,2004-05-18,6274,bpdemuro@live.com.ar
4119,Bib.Pop. Domingo Faustino Sarmiento de Ascención,2003-10-23,6294,
4076,Bib.Pop. Barrio Santa Rita,1980-01-01,6357,
3196,Bib.Pop.Pub.Mun. Dolores A. Cirio de Busso,1991-06-28,6392,biblio@cseca.com.ar
4069,Bib.Pop. Dardo Nepomuceno Arditi Rocha,2000-11-27,6399,bparditirocha@hotmail.com
4125,Soc.Fo.y Bib.Pop. El Tala,1980-01-01,6420,bib-arocha@educar
4299,Bib.Pop. y Ctro Cult. José M. Estrada,1976-09-04,6427,bibliotecamflara@hotmail.com
1830,Bib.Pop. Joaquín V. González,1903-10-12,6441,
2757,Bib.Pop. Bernardo de Monteagudo,1940-11-12,6441,
3681,Bib.Pop. E. S. Discépolo para la Cult.Nac.,1980-01-01,6441,
3786,Bib.Pop. Instituto Platense de Cult. Hispánica,1960-10-12,6441,
4376,Bib.Pop. La Chicharra,2007-10-01,6441,lagrietaylachicharra@gmail.com
2271,Bib.Pop.Bartolomé Mitre,1933-09-11,6441,cfloshornos@yahoo.com.ar
2676,Bib.Pop. Alberdi,1919-09-19,6434,balberdiescalada@gmail.com
2134,Bib.Pop. Laprida,1940-12-01,6448,bplaprida@yahoo.com.ar
2366,Bib.Pop. José M. Estrada,1945-09-17,6469,
1998,Bib.Pop. Gral. San Martín,1936-09-12,6525,bibliopop.gsm@gmail.com
194,Bib.Pop. D.F.Sarmiento,,6532,biblsarmiento_mercedes@hotmail.com
3255,Bib.Pop. Dr. Dardo Rocha,1993-08-12,6609,biblioteca3255@yahoo.com.ar
4344,Bib.Pop. Palabras del Alma,2008-05-18,6638,biblioteca.palabrasdelalma@gmail.com
2984,Bib.Pop. Presidente Derqui,1978-01-03,6638,
3912,Bib.Pop. de Ostende,1980-01-01,6644,
3969,Bib. Pop. Los Cooperarios,2000-05-02,6658,bibliotecapopularcooperarios@yahoo.com.ar
3040,Bib.Pop. Juan Bautista Alberdi,1984-09-28,6028,
3585,Bib.Pop. Joan Rico de Bahia,1994-04-23,6028,
221,Bib.Pop. Guido y Spano,1920-03-20,6672,bibliotecapopulargsrauch@gmail.com
2428,Bib.Pop.Mun. Bartolomé Mitre,1980-01-01,6707,
3743,Bib.Pop.y Soc.Fom. Santa Genoveva,1980-01-01,6749,
4030,Bib.Pop. Dra. Alicia Moreau de Justo,2000-10-10,6749,
192,Bib.Pop. Bernardino Rivadavia,1913-07-28,6756,
2830,Bib.Pop. Maestro Diego Pombo,1964-11-15,6371,bibliopombo@gmail.com
3994,Bib. Pop. Rioplatense,2000-08-19,6371,bibliorioplatense@hotmail.com
1502,Bib.Pop.y Museo José Manuel Estrada,1930-09-26,6784,bibliotecaymuseo@yahoo.com.ar
240,Bib.Pop. Bernardino Rivadavia,1908-06-21,6791,bpbrtandil@hotmail.com
1299,Bib.Pop.Pub. Amigos del libro,1927-08-27,6833,catriel_h@hotmail.com
3383,Bib.Pop. Un mundo de libros,1994-07-02,6833,biblioretaunmuli@3net.com.ar
259,Bib.Pop. D.F.Sarmiento,,6833,bibsarmiento@3net.com.ar
4221,Bib. Pop. La tranquera,1980-01-01,6833,bibliotecalatranquera@hotmail.com
4193,Bib.Pop. General San Martín,1946-03-20,6840,bibpopsanmartin@gmail.com
860,Asoc.Cultural y Bib.Pop. Mariano Moreno,1920-11-11,6840,bpmoreno@hotmail.com
3254,Bib.Pop. Hilario Ascasubi,1982-06-20,6875,bibliotecaascasubi2019@gmail.com
2040,Bib.Pop. Bartolomé Mitre,1939-04-24,6875,bbcamitre@yahoo.com.ar
3701,Bib.Pop. Salvador B. Herrera,1980-01-01,10035,
3494,Bib.Pop. del Valle,1995-11-23,10042,
3712,Bib.Pop. San Luis Gonzaga,1980-01-01,10049,
3017,Bib.Pop. María de las Nieves Medina,1979-08-13,10063,
2958,Bib.Pop. Alfonso de Jesús Robles,1965-03-20,10063,bibpop-lacarrera@yahoo.com.ar
3491,Asoc.Amigos de la Bib.Pub.Pop.Marta Alcira Salotti,1980-01-01,22043,
3004,Bib.Pop.Pub. Monseñor J. Alumni,1980-04-30,22049,josealumnibp72@gmail.com
2297,Bib.Pop. Esc. Escuela Nº 421,1945-04-01,22084,bibciervopetiso@yahoo.com.ar
3457,Bib.Pop.Esc. D.Agueda Gomez de Tuckey,1980-01-01,22084,bibliotecatuckey@live.com.ar
3439,Bib. Pop. Pub. Almafuerte,1960-05-11,22098,3439bp@gmail.com
3349,Asoc.Amig.Bib.Pop.Esc. Alfonsina Storni,1961-07-05,22140,bibpopesas@hotmail.com
3384,Asoc.Amigos.Bib.Pub.Pop. Gral. M. Belgrano,1980-01-01,22140,
3418,Bib.Pub. Pop. Josefa Lema de Urdapilleta,1961-08-14,22140,bibliotecaurdapilleta@hotmail.com.ar
3432,Bib.Pop.Esc. Herminia C. Brumana,1970-11-12,22140,bibpopbrumana@hotmail.com
3446,Bib.Pop.Esc. Bartolomé Mitre,1980-01-01,22140,bibliope_bartolomemitre@hotmail.com
3711,Bib. Pop. Agustín Pujol,1980-01-01,26007,
3821,Bib.Pop. El Maitén,1993-08-12,26014,bibliotecapopularelmaiten@gmail.com
3638,Bib.Pop. 28 de Julio,1980-01-01,26042,
2453,Bib. Pop. Juan M. de Pueyrredón,1949-03-20,26098,clara_petachi@hotmail.com
2675,Bib.Pop. Dr. Angel M. Giménez,,2000,
4295,Bib.Pop. Manuel Ugarte,2009-02-26,2000,bibliotecapopularmanuelugarte@gmail.com
1131,Bib.Pop. William C.Morris,1907-11-07,2000,bibliomorris@hotmail.com
1793,Bib.Pop. 25 de Mayo,1932-11-15,2000,
2233,Asoc.Vec. y Bib.Pop. Villa del Parque,1929-01-01,2000,asocvecvilladelparque@hotmail.com
2994,Bib.Pop. Juan B. Rebagliati,1932-05-29,2000,bibliotecarebagliati@yahoo.com.ar
3982,Bib.Pop. Lectores del pueblo,1980-01-01,2000,
4006,Bib.Pop. Dr. Arturo Jauretche,2001-12-18,2000,
78,Bib.Pop. José Enrique Rodo,1917-03-25,2000,bibliotecajerodo@yahoo.com.ar
2776,Bib.Pop. y Ctro. de Ajedrez Los Amigos de la Cult.,1959-04-12,14014,biblioteca_lac@hotmail.com
4286,B.P. Libertad por la Integración Latinoamericana,2007-10-08,14014,bibliotecapopularlibertad@yahoo.com.ar
582,Bib.Pop. Esteban Echeverría,1919-04-09,14042,
2615,Bib.Pop. Jerónimo L. de Cabrera,1951-04-26,14056,bibpopjlc@yahoo.com.ar
4014,Bib.Pop. Teresa B. de Lancestremere,1980-01-01,14063,
2424,Bib.Pop. Mariano Moreno,1949-05-25,14063,
544,Bib.Pop. Florentino Ameghino,1914-07-14,14084,bibliotecaflorentinoameghino@hotmail.com
3055,Bib.Pop. Rosa Areal de Molina,1985-10-26,14091,
1756,Bib.Pop. Armando A.Telleria,1929-04-18,14098,bibatelleria@hotmail.com
4312,Bib.Pop. Jorge Luis Borges- La Puerta,2006-11-29,14021,bpjlborgeslapuerta@hotmail.com
4244,Bib. Pop. Alejo Carmen Guzmán,2006-02-10,14105,biblio_alejocg@hotmail.com
3620,Bib.Pop. Orden del colmenar,1996-05-25,14126,info@ordendelcolmenar.com.ar
3990,Bib. Pop. Martín Fierro,1990-02-07,14140,adriflores71@hotmail.com
4026,Bib.Pop. San José,1999-10-11,14147,
3763,Bib.Pop. Pablo Pizzurno,1998-08-08,14147,pizzurno10@hotmail.com
4042,Bib. Pop. y Cent. Cult. Rayuela,2001-07-16,14119,bibliorayuela@yahoo.com.ar
3731,Bib.Pop. Dr. Octavio Capdevila,1980-01-01,14175,
494,Bib.Pop. de Corrientes Dr. Porfirio A. Aquino,,18021,
495,Bib.Pop. José R. Mariño,1980-01-01,18021,biblioctesmagda@hotmail.com
1078,Bib.Pop. Josefina Contt,1923-01-01,18021,bpjcontte1078@yahoo.com.ar
3317,Bib.Pop. Arandu,1994-07-08,18021,bparandu@hotmail.com
3368,Bib.Pop.Esc. José F.de San Martín,1993-08-19,18021,
4202,Bib.Pop. Rector Carlos Bobsín,1980-01-01,18028,bpcbobsin@hotmail.com
517,Bib.Pop. Rivadavia,1914-10-25,18035,acyacbpr@gmail.com
1373,Bib.Pop. Esc. Angel Estrada,1911-09-11,18042,
3472,Bib.Pop. Leamos juntos,1995-06-08,18063,bpleamosjuntos2010@hotmail.com
506,Bib.Pop. Marcelino A. Elizondo,1909-10-30,18112,biblio506@hotmail.com
3375,Bib.Pop. Paso de los Libres,1980-01-01,18119,bibliotecapopularpasolibres@hotmail.com
3559,Bib.Mun.Pop. Gerardo Pisarello,1980-05-24,18126,
3716,Bib.Pop.Asoc. Mario Issac Portillo,1980-01-01,18161,
3482,Bib.Pop. Ubajay,1996-05-25,30008,freddimartin@hotmail.com
381,Bib.Pop. Gral. Mitre,1904-05-01,30008,bpgmitre@yahoo.com.ar
324,Bib.Pop. Diamante,,30021,gerebasso@yahoo.com.ar
4396,Conscripto Bernardi,1940-05-13,30035,bernardi.bibliotecapopular@gmail.com
3614,Bib.Pop. Luz de provincia,1991-01-05,30049,luzdeprovincia@arnet.com.ar
1201,Bib.Pop. Juan Bautista Alberdi,1927-04-24,30056,
3401,Bib.Pop. Santa Elena,1980-01-01,30070,bibliotecase@hotmail.com
3751,Bib.Pop. Los Aromos,1980-01-01,30084,bibliotecalosaromos@gmail.com
3511,Bib.Pop. Dr. Julio Vitor,1953-09-06,30084,
3636,Bib.Pop. San José de Cupertino,1997-07-24,34014,
2964,Bib.Pop.Mun. Juan Bautista Alberdi,1977-12-09,34049,
4098,Bib.Pop. Campo Verde,2002-05-08,38021,
4275,Bib.Pop. El futuro de los niños,2004-07-27,38021,
4281,Bib. Pop. Maestro José Eduardo Ferretti,1996-04-21,38084,
4163,Bib. Pop. de Susques,1980-01-01,38084,
3215,Bib.Pop. Martín Fierro,1980-01-01,42007,bmfierrodoblas@cosedo.com.ar
3618,Bib. Pop. Walter Cazenave,1980-01-01,42084,
2122,Bib.Pop. Bernardino Rivadavia,1933-04-13,42119,
1805,Bib.Pop. Gob. Dr. B. de la Vega,1934-10-24,46021,
3962,Bib.Pop. Vichigasta,2001-09-13,46042,
2293,Bib.Pop. Gral. V. Peñaloza,1946-04-17,46056,
1997,Bib.Pop. Dardo de la Vega Díaz,1935-10-01,46126,
3057,Bib.Pop. Pedro José Bustos,1970-10-08,50035,bip3057@gmail.com
3625,Bib.Pop. Francisco Montalto,1980-01-01,50049,
4315,Bib.Pop. Virgen de la Carrodilla,1996-03-29,50063,bibliocarrodilla@live.com.ar
4325,Bib. Pop. Benito Juárez,1991-11-20,50063,biblio_benitojuarez@yahoo.com.ar
2665,Bib.Pop.Mun. José Hernández,1993-11-12,50077,
4173,Bib. Pop. Ricardo Rojas,1980-01-01,50098,bibliotecarojasmza@hotmail.com
1276,Bib.Pop. Francisco Peñasco,1926-11-26,50105,bibliotecafranciscopenasco@yahoo.com.ar
4293,Bib. Pop. Marcelo Humberto Cirot,2002-06-15,50112,bibliotecacirot@gmail.com
3662,Bib.Pop. Segundo Manuel Esteves,1997-07-09,50119,bibliotecapopularesteves@gmail.com
3234,Bib.Pop. Vista Flores,1987-03-21,50119,bibliotecapopularvistaflores@yahoo.com.ar
3970,Bib.Pop. María Magdalena Deautier,2000-07-21,54007,
3312,Bib.Pop.Esc. de F. Soberanía nacional,1980-01-01,54049,
2995,Bib.Pop. D.F.Sarmiento,1978-10-25,54084,
3875,Bib.Pop. Yapeyú,1980-01-01,54091,
3825,Bib.Pop. Dr. Bernardo Elvira,1980-01-01,54105,
4128,Bib.Pop. Oñondive,1980-01-01,54084,
4208,Bib.Pop. Martín Torres,1980-01-01,58042,
3840,Bib.Pop. Jorge Fonseca,1999-06-10,58035,
3536,Bib.Pop. María Eva Duarte,1996-07-24,58035,
3642,Bib.Pop. Ceferino Contreras,1997-10-21,58035,
3222,Bib.Pop. Hugo M. Berbel,1993-06-12,58035,info.biblioberbel@gmail.com
4123,Bib.Pop. Luis Topo Oliva Asociación Civil,2002-07-24,58035,
826,Bib.Pop. 9 de Julio,1917-11-04,58056,bp9jul@smandes.com.ar
4229,Bib. Pop. Pedro Néstor Jaramillo,2000-05-08,58098,
3095,Bib.Pop. Palighuen,1985-09-23,58105,
4332,Bib. Pop. Próspero Entraigas,1990-03-23,62007,
3150,Bib.Pop. Del niño,1990-07-14,62007,bibliotecadelninio@hotmail.com
2128,Bib.Pop. Pablo A. Pizzurno,1942-01-25,62014,bibliopizzurnobeltran@gmail.com
3903,Bib.Pop. Mundo feliz,1997-05-09,62042,biblioteca_mundo_feliz@yahoo.com.ar
3362,Bib.Pop. Los niños primeros,1980-01-01,62042,lesniniesprimero@gmail.com
3466,Bib.Pop. Raihuen,1980-01-01,62042,
3105,Bib.Pop. Quintun,1987-09-21,62042,
3599,Bib.Pop. Puchincheff,1980-01-01,62056,
1464,Bib.Pop. D.F.Sarmiento,1930-05-04,62063,
3121,Bib. Pop. Manuel J. Castilla de El Quebrachal,1987-10-03,66007,
3940,Bib.Pop. Ntra.Sra.del Valle-Educ.Cult.y Soc.,1980-01-01,66007,
3474,Bib.Pop. Macacha Güemes,1979-06-07,66028,bpmacachaguemes-3474@hotmail.com
3677,Bib. Pop. Antonio Nella Castro,1996-07-19,66028,
3808,Bib.Pop. San Francisco Solano,1980-01-01,66028,bibliotecafcosolano@hotmail.es
3868,Bib.Pop. Carlos Hugo Aparicio,1999-09-23,66028,bibaparicio@hotmail.com
3609,Bib.Pop. Ernesto Sábato,1980-01-01,66147,
3519,Bib.Pop. Pedro Guerrero,1980-01-01,70063,
700,Bib.Pop. Bartolomé Mitre,1910-09-04,70028,
702,Bib.Pop. D.F.Sarmiento,1908-08-15,70056,
1349,Bib.Pop. Constancia y acción,1929-02-25,70084,
3464,Bib.Pop. Argentina,1992-08-30,70084,
4141,Bib. Pop. Juana Manso,1980-01-01,70098,
3406,Bib.Pop.Pub. La escalera,1993-03-06,70028,bibliolaescalera@hotmail.com
3398,Bib.Pop. D.F.Sarmiento,1980-01-01,74007,
3268,Bib.Pop.Mun. Juan W. Gez,1963-05-01,74014,
3425,Bib.Pop. Mariano Moreno,1980-01-01,74028,
4036,Bib.Pop. Remedios de Escalada de San Martín,2001-03-18,74021,
3444,Bib.Pop. Biblioteca Popular,1980-01-01,74021,marthaag_05@hotmail.com
4055,Bib.Pop. Hugo Arnaldo Fourcade,1997-10-06,74035,bpfourcade@yahoo.com.ar
3396,Bib.Pop. Héroes de Malvinas,1980-01-01,74056,
3230,Bib.Pop. Juan Pablo II,1993-08-07,74056,
3527,Bib.Pop. A. Kunfi Quiros,1996-07-01,78021,bibliokunfiquiros@yahoo.com
3163,Bib.Pop. Bouquet,1969-12-26,82007,bibliobouquet@hotmail.com
1600,Bib.Pop. José Ingenieros,1930-06-07,82007,bibliotortugas@hotmail.com
2905,Bib.Pop. Manuel Belgrano,1957-06-19,82014,
1680,Bib.Pop. Belisario Roldán,1932-05-03,82028,aropalo@yahoo.com.ar
1749,Bib.Pop. Manuel Lainez,1980-01-01,82035,
4154,15 de junio Biblioteca Popular,1980-01-01,82049,bp15dejunio@yahoo.com.ar
2867,Bib.Pop. José Manuel Estrada,1966-09-07,82049,
4060,Bib.Pop. Mercedes de Longhi,1980-01-01,82049,bibliovillaana_1994@hotmail.com
2208,Bib.Pop. Pablo A. Pizzurno,1936-04-04,82056,biblioppizzurno@hotmail.com
4070,Bib. Pop. Manuel Belgrano,2002-06-15,82056,giaconecarlos@yahoo.com.ar
2913,Bib.Esc. Pop. Constancio C. Vigil,1973-09-11,82056,ccvigilveloisa@outlook.com
3558,Bib.Pop. Amanecer,1996-02-03,82063,
1083,Bib.Pop. Juan Bautista Alberdi,1925-05-25,82063,bibalberdilp@hotmail.com
2123,Bib.Pop. D.F.Sarmiento,1939-10-30,82063,bibliobrown@hotmail.com
2611,Bib.Pop. Mateo Booz,1942-12-29,82063,bibliotecambooz@gmail.com
3639,Bib.Pop. Emilio Zola,1980-01-01,82063,
4330,Bib. Pop. Amilcar Renna,2013-06-15,82063,biblioamilcarrenna@gmail.com
4298,Bib.Pop. Nuevo Torino,2010-04-23,82070,bibliotecapopularnuevotorino@gmail.com
982,Bib.Pop. Amor al estudio,1922-12-24,82084,bibliotecaamoralestudio@hotmail.com
1989,Bib.Pop.Inf. Mitre,1936-12-27,82084,
2449,Bib. Pop. Mun. Arg. Dr. Juan Alvarez,1910-09-07,82084,biblarg@rosario.gov.ar
3820,Bib.Pop. José Hernández,1998-09-01,82091,
3155,Bib.Pop. Despertar,1981-06-06,82098,bpd@romang.trcnet.com.ar
991,Bib.Pop. Mariano Moreno,1919-11-25,82112,biblioteca@sanjustosf.com.ar
3635,Bib.Pub.Com.y Pop. Bartolomé Mitre,1980-01-01,82021,
2038,Bib.Pop. Almafuerte,1939-05-30,82119,bibliotecapopular.almafuerte@gmail.com
3538,Bib.Pop.Pub. Los paraisos,1980-01-01,82119,
1970,Bib.Pop. San Martín,1937-04-29,82126,bpsm1970@gmail.com
4198,Bib.Pop. Angel José Medina,1980-01-01,82133,bibliotecaangelmedina@hotmail.com
4233,Bib. Pop. Sofia Barat,2008-04-25,82133,
3703,Bib.Pop. Alfonso Nassif,1980-01-01,86028,bpnassif@hotmail.com
4323,Bib. Pop. Hna. María Pía Bettini,2012-06-13,86028,
624,Bib.Pop. Mariano Moreno,1929-05-25,86035,
1081,Bib.Pop. Juan Bautista Alberdi,1925-05-30,86049,
3489,Bib.Pop. Juan F. Bianchi,1980-01-01,86049,
4200,Bib.Pop. Dr. Bernardo Canal Feijoo,1980-01-01,86049,bp.canal-feijot-sgo@hotmail.es
3598,Bib.Pop. Jorge Luis Borges,1980-01-01,86098,
3694,Bib.Pop. José María Lami Hernández,1980-01-01,86126,
4150,Bib. Pop. Leonor María Piñeiro,1980-01-01,94007,bplmp@hotmail.com
1180,Bib.Pop. D.F.Sarmiento,1926-11-08,94014,
3422,Bib.Pop. Alfonsina Storni,1994-12-12,94014,
1851,Bib.Pop.Inf. Belgrano,1934-09-24,90084,
3120,Bib.Pop. Dr. Antonio Torres,1947-12-05,90084,
3119,Bib.Pop. Juan Pablo II,1980-01-01,90014,bp_juanpablo2tuc@hotmail.com
1278,Bib.Pop. José Ingenieros,1925-01-01,6007,ccibiblio@hotmail.com
90,Amigos de la Biblioteca Esteban Adrogué,1918-08-01,6028,
3950,Bib.Pop. Gabriela Mistral,1980-01-01,6427,
252,Bib.Pop. Juan Bautista Alberdi,1918-10-10,6035,punkyflores69@hotmail.com
217,Bib.Pop. Veladas de estudio después del trabajo,1921-10-28,6035,
3719,Bib.Pop. Presidente Avellaneda,1987-07-24,6035,bibliotecapopularpteavellaneda@yahoo.com.ar
83,Bib.Pop. Bartolomé J. Ronco,,6049,info@bibliotecaronco.com.ar
4022,Bib. Pop. Gabriela Mistral,1996-04-13,6056,bibpopgabmistral@yahoo.com.ar
2871,Bib.Pop. Mariano Moreno,1963-06-01,6056,
3718,Bib.Pop. Mario Bravo,1980-01-01,6070,
4169,Bib.Pop. y Cent. Victoria Ocampo,1980-01-01,6091,ranelaghbibliocampo@yahoo.com.ar
2492,Bib.Pop. Mariano Moreno,1980-01-01,6098,
3801,Bib.Pop. María Alcira Cabrera,1972-07-08,6105,
2191,Bib.Pop. Manuel Belgrano,1943-12-03,6112,bbelgrano@yahoo.com.ar
4142,Bib.Pop. José Ignacio Warnes,1980-01-01,6112,bpjiwarnes@yahoo.com.ar
1676,Bib.Pop. José de San Martín,1932-05-25,6119,
3900,Bib.Pop. Barrio San Esteban,1980-01-01,6134,sanestebanbibliotecapopular@yahoo.com.ar <SANESTEBANBIBLIOTECAPOPULAR@YAHOO.COM.AR>
3890,Bib.Pop. del Ipora Padre Luis Sánchez,1997-02-22,6218,bibliotecaipora2000@yahoo.com.ar
4334,Bib.Pop. Puntaltense Mercedes de San Martín,2002-07-19,6182,bibliomercedesdesanmartin@gmail.com
1883,Bib.Pop. Mariano Moreno,1920-04-24,6175,
1673,Bib.Pop. Bernardino Rivadavia,1932-09-25,6252,bp20dediciembre@gmail.com
276,Bib.Pop. Carlos Guido Spano,1980-01-01,6308,
174,Bib.Pop. Felipe de Robles (h,1914-12-02,6329,
2697,Bib.Pop. Juventud Moderna,1911-11-16,6357,
2063,Bib.Pop. Leandro N. Alem,1936-07-20,6364,
2501,Bib. Pop. Mariano Moreno,1939-05-07,6385,bibpopmm_lostoldos@yahoo.com.ar
3574,Bib.Pop. Vito Dumas,1992-06-15,6420,bibliotecamardeltuyu@yahoo.com.ar
1973,Bib. Euforión,1927-08-03,6441,
2069,Bib.Pop.Gral. San Martín,1936-04-15,6441,bibliotecapopularsanmartin@hotmail.com
2127,Bib.Pop. Luis A. Repetto,1941-12-06,6441,bprepetto@gmail.com
2323,Bib. Pop. Florentino Ameghino,1945-01-01,6441,bibliotecafameghino@hotmail.com
3313,Bib.Pub. Central Gral. José de San Martín,1950-02-23,6441,
4140,Cen. y Bib.Pop. Carlos Bormida,2001-11-04,6441,bibliopcarlosbormida@yahoo.com.ar
3956,Com.Vec.y Bib.Pop. Gonnet Bell,1995-06-02,6441,
4021,Bib.Pop. Olga Cossettini,2001-07-16,6434,
3649,Bib.Pop. Mariano Moreno,1997-03-16,6434,
1706,Bib.Pop. 1 de Mayo,1914-12-13,6434,bibprimerodemayo@hotmail.com
1326,Bib.Pop. 25 de Mayo,1928-08-12,6455,
2872,Bib.Pop.Mun. Esteban Echeverría,1961-07-09,6462,bibvedia@yahoo.com.ar
3442,Bib.Pop. Fortín de la Cult. El triunfo,1980-01-01,6469,
3622,Bib.Pop. San Manuel,1993-06-10,6476,bibliopopularsanmanuel@gmail.com
4196,Bib.Pop. Escritores Argentinos,1980-01-01,6490,bipopu_argentinos07@yahoo.com.ar
4115,Bib.Pop. Julio Cortázar de Lomas Este,2002-12-06,6490,bibjuliocortazar@yahoo.com.ar
4340,Bib.Pop. de Carlos Keen,2001-03-02,6497,lecturaenck@gmail.com
3182,Bib. Obrera Jean Jaures,1918-03-29,6497,
4219,Bib.Pop. Edmundo Girardengo,2008-04-07,6505,bpegirardengo@gmail.com
4199,Bib.Pop. Manuel Galvez,1980-01-01,6539,
2673,Bib.Pop. Vicenta Castro Cambón,1954-01-24,6560,bibliotecambon@live.com.ar
3886,Asoc.Civ.Bib.Pop. El Cobijo,2000-04-25,6560,
2243,Bib.Pop. Mariano Moreno,1916-08-30,6560,biblioteca@cbmm.com.ar
3248,Bib.Pop. Horacio Quiroga,1980-01-01,6560,bphoracioquiroga@hotmail.com
4003,Bib.Pop. El centro y los chicos,1980-01-01,6560,
1391,Bib.Pop. 9 de Julio,1929-07-21,6560,
4274,Bib.Pop. Parlante Sur,1999-12-02,6560,biblioparlantesur@hotmail.com
2277,Bib.Pop.Pub. José Hernández,1980-01-01,6581,
135,Bib.Pop. D.F.Sarmiento,1980-01-01,6595,
2371,Bib. Pop. Sierras Bayas,1948-04-25,6595,bibliotecasb@yahoo.com.ar
1246,Bib.Pop. Cervantes,1927-10-12,6602,bibpopcervantes@yahoo.com.ar
1977,Bib.Pop. Melchor Echague,1933-07-09,6623,
1743,Bib.Pop. Almafuerte,1926-12-01,6623,bibliomo@hotmail.com
1452,Bib.Pop. José Manuel Estrada,1929-09-11,6623,
98,Bib.Pop. José Manuel Estrada,1980-01-01,6658,
4205,Ropero Comunitario y Bib. Pop. Eva Perón,2001-02-20,6672,bibliotecaevaperon.rauch@yahoo.com.ar
262,Bib.Pop. Juan Bautista Alberdi,1942-11-22,6700,
236,Bib.Pop. Juan Bautista Alberdi,1916-05-15,6700,biblioteca_jbalberdi@yahoo.com.ar
232,Bib.Pop. Alberdi,1980-01-01,6728,
2115,Bib.Pop. Bernardino Rivadavia,1940-07-28,6742,
4061,Bib.Pop.y Ctro. Cultural de Beccar,1982-05-23,6756,
4188,Bib.Pop. Cava Joven,1980-01-01,6756,bpcavajoven@yahoo.com.ar
4175,Bib.Pub.Pop. Parlante Nuevo Ser,1980-01-01,6371,biblosnuevoser@hotmail.com
4393,La Carcova,2022-07-19,6371,
3473,Bib.Pop. Maestra María Silva,1945-04-22,6371,chapmaris@hotmail.com
4073,Bib.Pop. José Murillo,1980-01-01,6371,bibliomurillo@yahoo.com.ar
3658,Bib.Pop.y C.Rec. Entre todos,1995-08-26,6760,bibliotecaentretodos@yahoo.com.ar
2691,Bib.Pop. Rafael de Aguiar,1947-04-24,6763,
1921,Bib.Pop. Bartolomé Mitre,1936-05-03,6778,
3075,Bib.Pop. Juan L. Vatuone,1984-07-15,6791,tcdehesa@yahoo.com.ar
3906,Bib.Pop. Bepo Ghezzi,1999-12-04,6791,bibliotecaghezzi@gmail.com
3650,Bib. Pop. Unión de Educ. de Tigre,1980-01-01,6805,
4292,Ctro. Cult. Com. y Bib. Pop. Caraguatá,2008-03-27,6805,comunitariocaraguata@yahoo.com.ar
3770,Bib.Mun.Pop. José Manuel Estrada,1980-01-01,6812,
1028,Bib.Pop. Bartolomé Mitre,1921-07-24,6840,lamitredecaseros@gmail.com
3727,Bib.Pop. 15 de Agosto,1997-08-15,6840,biblo15deagosto@hotmail.com
1191,Inst.y Bib.Pop. Almafuerte,1926-10-12,6840,biblioalmafuerte@hotmail.com
3880,Bib.Pop. Nora Bombelli,1999-10-16,6861,
1019,Bib.Pop. Vicente López y Planes,1921-10-09,6861,
3560,Bib.Pop. Casa de la Cultura,1996-08-02,10035,
3541,Bib.Pop. F. E. Casillo,1980-01-01,10056,
4272,Biblioteca Popular Dr. Adán Quiroga,2007-11-16,10084,
1053,Bib.Pop. Dr. A. del Pino,1924-07-24,10105,
4105,Asc.Civ.Bib.Pop. La Leonesa,2004-03-09,22014,bibliotecalaleonesa@yahoo.com.ar
3612,Bib.Pub.Pop. Fray Rafael Gobelli,1980-01-01,22084,
3353,Asoc.Amig.Bib.Pop.Pub. José Manuel Estrada,1967-07-16,22119,bib_pop_estrada_plaza@hotmail.com
780,Bib. Esc. Pop.  Benjamín Zorrilla,1901-10-20,22140,
2549,Bib.Pop. Esc. Prisciliano Pérez,1980-01-01,22140,
2692,Asoc. Amigos.Bib.Pub.Pop. Prof. Leopoldo Herrera,1955-11-18,22140,bib.herrera2692@hotmail.com
3343,Bib.Pub.Pop. Profesor N. Rojas Acosta,1957-12-21,22140,
3460,Bib. Pop. Esc. Nº 223 Wolf Schcolnik,1981-11-23,22154,meduc.bibws@ecomchaco.com.ar
4047,Bib.Pop. Rincón de Libros,2001-11-04,26014,bibrincon@gmail.com
4161,Bib. Pop. de Buenos Aires Chico-Niños Lectores,1980-01-01,26014,
3316,Bib.Pop. Sofía Moll de Milton,1993-03-23,26021,
3506,Bib. Pop. Jorge Troncoso,1980-01-01,26021,bcapoptroncoso@hotmail.com
3569,Bib.Pub.Pop. de la Municip.de C.Rivadavia,1980-01-01,26021,
4143,Bib. Pop. Soldado Caído S. Antieco,1980-01-01,26077,biblioteca_simon@hotmail.com
3355,Bib.Pop. José Hernández,1980-01-01,26077,
4268,Bib.Pop. Creando Horizontes Educativos,2010-03-01,2000,bibliopopuche@hotmail.com.ar
2111,Bib.Pop. y Cent. Cult. Alfredo Costa,1980-01-01,2000,centroproteccion@latinmail.com
2177,Bib.Pop. Mariano Boedo,1980-01-01,2000,bibliotecapopularmarianoboedo@yahoo.com.ar
2828,Bib.Pop. Eurindia,1941-03-25,2000,
3019,Bib.Pop. Juan Bautista Alberdi,1933-06-12,2000,bibliobocajuniors@yahoo.com.ar
28,Bib.Pop. Villa Pueyrredón Norte,1916-06-16,2000,bibliotecapueyrredon@hotmail.com
2949,Bib.Pop. Joaquín V. González,1969-11-18,14014,
3042,Bib.Pop. y Ctro Juvenil Malvinas argentinas,1980-11-15,14014,bibliotecamalvinasargentinas@hotmail.com
3707,Bib. Pop. República Argentina,1995-07-16,14014,bpra3707@gmail.com
3789,Bib.Pub.Pop. Nuevo milenio,1980-01-01,14014,
4028,Bib.Pop. Atahualpa,1980-01-01,14014,bpatahualpa@hotmail.com
4245,Bib. Pop.  María Saleme,2005-05-26,14014,bibpopmsaleme@yahoo.com.ar
4290,Bib.Pop. y Ctro Cult. Dumesnil,2010-08-17,14021,bping.dumesnil@hotmail.com
2157,Bib.Pop. D.F.Sarmiento,1942-10-03,14021,
4277,Bib.Pop. Cawana,2009-01-16,14021,bibliocawana@gmail.com
539,Bib.Pop. Jorge Newbery,1917-05-01,14028,
3723,Bib. Pop. José Hernández,1980-01-01,14042,bpjhernandez@hotmail.com
567,Bib.Pop. Bernardino Rivadavia,1904-09-25,14042,secretaria_gral@bibliotecarivadavia.edu.ar
3782,Bib.Pop. Dr. Mota Capdevila,1999-06-10,14056,
3915,Bib.Pop.Esc. D.F.Sarmiento,1996-06-23,14063,
2858,Bib.Pop. San Martín,1918-03-18,14063,
1071,Bib.Pop. Nicolás Avellaneda,1923-05-06,14091,
3568,Bib.Pop. Efraín U. Bischoff,1980-01-01,14098,bpbischoff@hotmail.com
2866,Bib.Pop. Ricardo Rojas,1969-07-21,14098,bibliotecarrojas@hotmail.com
555,Bib.Pop. Mariano Moreno,1910-07-10,14098,
4097,Asoc.Vec.y Bib.Pop. Santiago Coronel,1980-01-01,14098,bpscoronel@yahoo.com.ar
3597,Bib.Pop. Capilla de Remedios,1980-01-01,14105,
4213,Bib.Pop. Villa de las Rosas,1980-01-01,14133,bibliotecapopularvilladelasrosas@yahoo.com.ar
2008,Bib.Pop. de Altos de Chipión,1932-11-23,14140,
3853,Bib.Pub.Pop. de Colonia Vignaud,1998-12-07,14140,bivignaud536@hotmail.com
3931,Bib.Pop. Creciendo,1995-07-03,14140,fernandoercole@hotmail.com
4232,Bib.Pop. Porteña,1980-01-01,14140,
4101,Bib.Pop. Flavio Arnal Ponti,1980-01-01,14147,bibliotecaarnalponti@yahoo.com.ar
3520,Bib. Pop. 23 de Septiembre,1996-06-12,14161,bibpopjamescraik@hotmail.com
3596,Bib.Pub.y Pop. Martín Fierro,1997-08-21,14161,biblioppmfierrolp@hotmail.com
3337,Bib.Pop. Ñañuva,1980-01-01,18021,nanuva03@yahoo.com.ar
4307,Bib.Pop. Escritores Correntinos,1996-04-02,18021,bibliotecaescritorescorrentinos@hotmail.com
1913,Bib.Pop. Dr. J. A. Ferreira,1915-06-21,18049,
1311,Bib.Pop. Mariano Moreno,1928-05-01,18112,
387,Bib.Pop. Gral. Urquíza,1904-04-24,30008,biburquiza@yahoo.com.ar
4189,Bib.Pop. Tierra de Inmigrantes,1980-01-01,30015,
385,Bib.Pop. Urquíza,1909-07-18,30028,bibliotecapopularurquiza@multichajari.com.ar 
342,Bib.Pop. Carlos Mastronardi,,30049,bibpopmastronardi@yahoo.com.ar
340,Bib.Pop. Olegario V. Andrade,,30056,institutomagnasco@hotmail.com
341,Bib.Pop. Sarmiento,,30056,bibliosarmiento@yahoo.com
2266,Bib.Pop. Francisco H. López Jordan,1943-11-14,30056,bibliotecalopezjordangchu@gmail.com
375,Bib.Pop. Urdinarrain,1912-05-09,30056,
4043,Bib.Pop. Presidente Avellaneda,2001-06-06,30084,biblioteca.avellaneda@gmail.com
355,Bib.Pop. Del Paraná,,30084,ComisionDirectiva@bibliotecaparana.org.ar
787,Bib.Pop. Dr. M. Ruiz Moreno,1910-06-25,34014,
3495,Bib.Pop. del Bº Gob.Emilio Tomas,1980-01-01,34014,
4236,Bib. Pop. Alberto Luis García,1999-08-23,34021,
3776,Bib.Pop. Prof. José F. Fernández,1980-01-01,34049,
3761,Bib. Pop. Pedro Castagne,1998-09-04,34056,
3721,Bib.Pop. Rosario Tolaba,1997-11-20,38007,
3391,Bib.Pop. Jorge Domingo Calvetti,1980-01-01,38021,bibliotecapopularjorgecalvetti@hotmail.com 
770,Bib.Pop. D.F.Sarmiento,1911-06-05,38035,
771,Bib.Pop. D.F.Sarmiento,1911-09-07,38063,
3219,Bib.Pop. de Monterrico,1993-02-12,38014,biblmonterrico@gmail.com
4300,Bib. Pop. Joaquín Anchorena,2005-07-20,42007,bpjoaquinanchorena@gmail.com
3386,Bib.Pop. Manuel P.Rodriguez Un N.H.P/la Cult.,1995-04-22,42021,biblioanguil@gmail.com
3737,Bib. Pop. Rodolfo de Diego,1994-11-17,42021,bibliorodo@cpenet.com.ar
4124,Bib.Pop. Edgar Morisoli,1980-01-01,42021,biblioteca_emorisoli@hotmail.com
3839,Bib. Pop. Olga Orozco,1980-01-01,42028,bp3839@bepe.ar
2679,Bib.Pop. Renovación,1932-05-07,42056,bprenovacion@gmail.com
3181,Bib.Pop. Juan Ricardo Nervi,1980-01-01,42035,biblio_mayer@yahoo.com.ar
3250,Bib.Pop.Mun. Alpachiri,1984-08-01,42070,biblioalp@yahoo.com.ar
808,Bib.Pop.Mun. José Manuel Estrada,1912-11-30,42105,bibliotecaestrada@yahoo.com
3480,Bib.Pop. Jorge Agustín Picca,1995-09-25,42126,bibliotecajorgepicca@yahoo.com.ar
823,Bib. Pop. Bernardino Rivadavia,1915-06-27,42126,biblioquetre@cernet.com.ar
3177,Bib.Pop. Mariano Moreno,1980-01-01,42133,
819,Bib.Pop. San Martín,1932-12-03,42035,bibliosm@cospec.com.ar
4187,Cen. Cult. y Bib. Pop. Ciudad de los Naranjos,1980-01-01,46014,bibliociudadnar@hotmail.com
1993,Bib.Pop. e Inf. Sarmiento,1933-09-03,46021,
725,Bib.Pop. Mitre,1921-06-13,46035,enriquealbertostoller@hotmail.com
4382,Bib. Pop. Ta Te Ti,2009-03-27,50028,
3497,Bib. Pop. Jesús Nazareno,1980-01-01,50028,bipo_jnazareno@yahoo.com.ar
3264,Bib.Pop. Rodeo de la cruz,1980-01-01,50028,
4183,Bib.Pop. Alfonsina Storni,1980-01-01,50070,
3282,Bib.Pop. Salto de las Rosas,1993-08-17,50105,saltodelasrosasbiblioteca@yahoo.com.ar
4144,Bib.Pop. de Alto Verde,1980-01-01,50098,bibloaltoverde@yahoo.com.ar
4095,Bib.Pop. Mirador de Las Estrellas,2003-03-03,50126,bibliotecapopulartupungato@gmail.com
2950,Bib.Pop. Eldorado,1968-04-09,54042,bibliotecaeldorado@hotmail.com
3755,Bib.Pop. Mejor pasar,1997-11-22,54070,bpmejorpasar@hotmail.com.ar
2944,Bib.Pop. Horacio Quiroga de Puerto Rico,1962-06-15,54077,bibliotecahoracioquiroga@live.com
3092,Bib.Pop. Buta Ruca,1987-07-26,58035,butaruca@yahoo.com.ar
3332,Bib.Pop. Enrique Rocca,1993-04-07,58035,
3381,Bib.Pop. Irma Cuña,1980-01-01,58035,biblioteca_irmac@yahoo.com.ar
3168,Bib.Pop. Valentín Sayhueque,1980-01-01,58035,bibliotecavalentinsayhueque@hotmail.com
3099,Bib.Pop. Malvinas argentinas,1980-01-01,58035,bibliomalargen@hotmail.com
4254,Bib.Pop. 15 de junio,2002-06-12,58035,biblioteca15dejunio@hotmail.com
3106,Bib.Pop. 4 de Febrero,1987-06-09,58056,
3090,Bib.Pop. Loncopue,1981-08-28,58063,
3169,Bib.Pop. Osvaldo Bayer,1991-11-25,58070,
2142,Bib.Pop. Bernardino Rivadavia,1942-05-25,58084,bibliotecaphuecu@hotmail.com
3601,Bib.Pop. Francisco Lera,1997-01-27,62021,
4373,Bib.Pop. Carilafquen,2007-05-01,62021,labiblio.bibliotecaries@gmail.com
829,Bib.Pop. Gral. Conesa,1905-02-28,62028,bibliotecageneralconesa@gmail.com
2906,Bib.Pop. Naciones americanas,1970-07-01,62042,
4087,Bib.Pop. Fernando Jara,2000-03-10,62042,
3141,Bib.Pop. Alborada Mapuche,1980-01-01,62042,
1885,Bib.Pop. Mariano Moreno,1935-12-19,62042,
3084,Bib.Pop. Comandante L. Piedrabuena,1984-08-17,62077,
3953,Bib.Pop. Prof. Miguel Angel Cáseres,1999-08-27,66028,
3991,Bib.Pop. Latinoamerica,1980-01-01,66028,
4375,Bib.Pop. Casimiro Cobos,1998-08-29,66028,
3938,Bib.Pop. José Hernandez,1999-08-07,66035,bibliotecacerrillos@yahoo.com.ar
1366,Bib.Pop. D.F.Sarmiento,1928-11-08,66049,sarmientobp1366@gmail.com
4109,Bib.Pop. Amparo F. de Maidana,1980-01-01,66056,bibliotecaamparofdemaidana@yahoo.com.ar
3686,Bib.Pop. Consejal D.F.Gallardo,1971-11-21,70021,
2242,Bib.Pop. Camilo Rojo,1944-11-12,70028,bp_camilorojo@yahoo.com.ar
3294,Bib.Pop. José I. de la Roza,1994-03-26,70028,
4390,Juana Azurduy,2022-07-13,70042,
4263,Bib. Pop. Barrio Victoria,2009-03-02,70077,
3223,Bib.Pop. Miguel Beato Tejada,1988-09-27,70084,
3637,Bib. Pop. José de San Martín,1997-07-22,70098,bibgsm@yahoo.com.ar
3709,Bib.Pub.Pop.Mun. Pajaritos,1980-01-01,74028,
3356,Bib.Pop. Lafinur el filósofo,1980-01-01,74021,
3443,Bib.Pop. Madre Cabrini,1995-10-10,74035,
3504,Bib. Pop. Barrio Obras Sanitarias,1995-07-03,74035,labibliopopular@yahoo.com.ar
608,Bib.Pop. Lafinur,1915-05-23,74049,bibliopop@live.com
3216,Bib.Pop. Urbano Joaquín Nuñez,1993-10-15,74056,bibliourbanojnunez9@yahoo.com.ar
4072,Bib.Pop. Jacinto Guiñazu,1980-01-01,74056,
3583,Bib.Pop. María deL Transito Cruz,1980-01-01,78014,
3261,Bib.Pop. Ush Güent,1994-04-18,78021,
3484,Asoc.Amig.Bib.Pop.Mun. Sofia Vicic de Cepernic,1980-01-01,78021,biblioteca@riogallegos.gov.ar
3512,Bib.Mun.Pop. Guent Aike,1980-01-01,78021,
2136,Bib.Pop. D.F.Sarmiento,1935-04-26,82007,
1936,Bib.Pop. Bernardino Rivadavia,1934-08-12,82007,bibliotecamdeoca@redcrs.com.ar
1599,Bib.Pop. Bartolomé Mitre,1932-03-15,82014,bpmitrearequito@gmail.com
411,Bib.Pop. Carlos Casado,1908-10-24,82014,bibcasado@arnet.com.ar
3007,Bib.Pop. Chabas,1980-06-15,82014,
2601,Bib.Pop. Domingo F. Sarmiento,1953-04-04,82021,bibliotecadeangelica@hotmail.com.ar
4316,Bib.Pop. Alfonsina Storni de Colonia Bicha,2013-03-20,82021,bib-alfonsinastorni.cbicha@hotmail.com
1408,Bib.Pop. Mariano Moreno,1929-10-27,82021,bpmoreno1408@yahoo.com.ar
935,Bib.Pop. Rodolfo Prigioni,1922-08-04,82021,
1116,Bib.Pop. Guido y Spano,1925-08-25,82042,
475,Bib.Pop. Mariano Moreno,1918-03-10,82028,
424,Bib.Pop. Juan Bautista Alberdi,1918-02-10,82028,bibliotecajbmolina@gmail.com
2945,Bib. Pop.  D. F. Sarmiento,1925-05-25,82042,biblio2945amenabar@hotmail.com
1724,Bib.Pop. D.F.Sarmiento,1932-08-25,82042,
2472,Bib. Pop. Mariano Moreno,1950-04-03,82042,bibliomm@hotmail.com
1175,Bib.Pop. Mun. José Ingenieros,1913-05-01,82042,bibliopoprmunijoseingenieros@gmail.com
2339,Bib.Pop. Bernardino Rivadavia,1937-06-11,82042,bibliorivadavia@hotmail.com
491,Bib.Pop. Juan Bautista Alberdi,1915-07-09,82042,
1582,Bib.Pop. D.F.Sarmiento,1931-10-15,82042,aliciamargalida2002@yahoo.com.ar
2642,Bib.Pop. Mariano Moreno,1954-11-15,82049,bibliopopularmmavellaneda@hotmail.com
487,Bib.Pop. Mariano Moreno,1912-12-04,82063,biblioteca_moreno@yahoo.com.ar
2331,Bib.Pop. Hogar del maestro,1947-11-23,82063,bibmaestro@gmail.com
3934,Bib. Pop. Bica,1976-06-15,82063,bibliotecabica@gmail.com
4234,Bib.Pop. Eduardo de Sa Pereira,2006-09-01,82070,comunasape@yahoo.com.ar
462,Bib.Pop. Gottfried Keller,,82070,bibliogkellerscs@hotmail.com
3528,Bib. Pop. La Florida,1976-11-06,82084,bibliolaflorida@yahoo.com.ar
4082,Bib. Pop. Gastón Gori,2002-11-30,82084,bpgastongori@hotmail.com
4114,Bib. Pop. Pocho Lepratti,2002-10-18,82084,
3911,Asoc.Civ.Bib.Pop. Miguel Angel Sosa,2000-08-15,82091,masosa@cooparrufo.com.ar
4397,Biblioteca Popular Gaston Bianchi,2022-08-23,82091,cr19.biblioteca@gmail.com
2655,Club Union Cultural y Deportivo y Bib. Pop.,1954-06-20,82091,
1924,Bib.Pop. D.F. Sarmiento,1933-12-19,82091,bpsarmiento.suardi@gmail.com
417,Bib.Pop. Coronel José Rodríguez,1912-10-01,82105,
4282,Bib.Pop. del Bicentenario,2011-05-10,82105,bpcdiaz@hotmail.com
3977,Bib.Esc.Pop. San Martín Norte (Escuela de la Familia Agrícola N,2000-10-03,82112,normagcarena@hotmail.com
429,Bib.Pop. Bernardino Rivadavia,1920-11-14,82119,
4029,Bib.Pop. Jose Hernández,1980-01-01,82021,bibjhernandez4029@yahoo.com.ar
4015,Bib. Pop. Felicia,2002-09-14,82070,bibliopopularfelicia@outlook.com
4174,Asoc.Civ.Bib.Pop. Mariano Moreno de Villada,2004-09-24,82014,bibpopmarianomoreno@yahoo.com.ar
3451,Bib.Pop.Dependiente E.E.T.P.I. Nº 8211,1980-01-01,82133,
3816,Bib.Pop. Eduardo Miguel,1999-08-31,86105,bibliotecaeduardomiguel@hotmail.com
4107,Bib. Pop. San Roque,2003-12-12,86056,
2813,Bib.Pop. Manuel Belgrano,1962-12-01,86147,
2032,Bib.Pop. Justo José de Urquíza,1927-04-17,90084,
4050,Bib.Pop. El saber ciudadano,2001-07-19,90084,bibliosaberciudadano@hotmail.com
4303,Bib.Pop. Santa Lucía,2012-03-21,90070,
635,Bib.Pop. Nicolás Avellaneda,1980-01-01,90021,
1170,Bib.Pop. Ing. A. Pasquini,1923-05-17,90105,
